corp_code,stock_code,corp_name_master,industry_krx,bsns_year,cash_and_cash_equivalents,cfo,current_assets,current_liabilities,finance_costs,inventory,net_income,operating_income,revenue,total_assets,total_equity,total_liabilities,liabilities_to_assets,equity_ratio,current_ratio,quick_ratio,cash_ratio,roa,roe,operating_margin,finance_cost_coverage,cfo_to_assets,cfo_to_liabilities,bs_check,bs_check_relative,weak_liquidity,weak_quick_liquidity,high_leverage,negative_roa,negative_operating_margin,weak_finance_cost_coverage,negative_cfo,flag_weak_liquidity,flag_high_leverage,flag_weak_profitability,flag_weak_coverage,flag_negative_cashflow,available_dimension_count,distress_flag_count,risk_bucket
00102858,010130,고려아연,금속,2019,689518057370.0,692660279007.0,4597942700017.0,704279137809.0,,1555733552612.0,638613351819.0,805328836892.0,6694810889702.0,7840561221499.0,6838391895409.0,1002169326090.0,0.127818570352085,0.8721814296479149,6.52858000922918,4.319607076349385,0.979040866544874,0.0814499541267412,0.0933864805624458,0.1202914989175813,,0.0883432013907001,0.6911609255787534,0.0,0.0,False,False,False,False,False,,False,False,False,False,,False,4,,Insufficient data
00102858,010130,고려아연,금속,2020,425567595232.0,456522986973.0,4912869202998.0,1118415592360.0,,2250033727712.0,574828670832.0,897387769203.0,7581926858435.0,8499645577650.0,7087028686312.0,1412616891338.0,0.1661971523909781,0.8338028476090219,4.392704497825551,2.3808998135184045,0.3805093546076176,0.0676297223902517,0.0811099681227808,0.1183588006002251,,0.0537108262694431,0.3231753703161452,0.0,0.0,False,False,False,False,False,,False,False,False,False,,False,4,,Insufficient data
00102858,010130,고려아연,금속,2021,466465326011.0,606883888565.0,5689044210643.0,1770527531625.0,,2909108884069.0,811106029144.0,1096146343693.0,9976776443636.0,9964048634649.0,7734234462824.0,2229814171825.0,0.2237859582570723,0.7762140417429276,3.2131916104244724,1.5701169718736652,0.2634612101077443,0.0814032587439867,0.1048721800512679,0.1098697910979263,,0.0609073591285595,0.2721679215395306,0.0,0.0,False,False,False,False,False,,False,False,False,False,,False,4,,Insufficient data
00102858,010130,고려아연,금속,2022,780981792302.0,784694563029.0,6071090869900.0,2319116608598.0,,2825444894721.0,619621572820.0,919171130822.0,11219358600107.0,11918425719802.0,9053089301953.0,2865336417849.0,0.2404123233396802,0.7595876766603197,2.617846315873793,1.3995182317033743,0.3367583110769644,0.0519885417241408,0.0684431084410412,0.0819272441129775,,0.0658387761502142,0.2738577425467087,0.0,0.0,False,False,False,False,False,,False,False,False,False,,False,4,,Insufficient data
00102858,010130,고려아연,금속,2023,676775222868.0,820863992249.0,5571656932735.0,1902819300929.0,270811108753.0,2637705334401.0,438487953148.0,659935424598.0,9704521343024.0,11768590335824.0,9365615555695.0,2402974780129.0,0.2041854386599099,0.7958145613400901,2.928106168575644,1.541897119133476,0.3556697278283769,0.0372591738377728,0.0468189144152266,0.068002882498928,2.4368846153940846,0.069750409252522,0.341603249038233,0.0,0.0,False,False,False,False,False,False,False,False,False,False,False,False,5,0,Low
00102858,010130,고려아연,금속,2024,893806431755.0,515812554313.0,7567074179254.0,6366334342627.0,431839323163.0,3780440277160.0,304669203777.0,723472208523.0,12052918410249.0,14602501706413.0,7405607301858.0,7196894404555.0,0.4928535225847178,0.5071464774152822,1.188607724948911,0.5947902982003119,0.1403957730856749,0.0208641786114771,0.041140340198779,0.0600246499559648,1.6753273028123974,0.0353235743219581,0.0716715468253273,0.0,0.0,False,False,False,False,False,False,False,False,False,False,False,False,5,0,Low
00102858,010130,고려아연,금속,2025,3451069963536.0,-628210721953.0,12069316661153.0,6127539235858.0,617368807708.0,6220537062978.0,770249337092.0,1231926775791.0,16587850779912.0,20210431697664.0,10998929848586.0,9211501849078.0,0.4557795690303192,0.5442204309696809,1.969684109164747,0.954507082377912,0.5632065060212983,0.0381114737485309,0.0700294799308154,0.0742668108205357,1.9954470656924903,-0.0310834885345675,-0.068198512277982,0.0,0.0,False,False,False,False,False,False,True,False,False,False,False,True,5,1,Watch
00105271,002380,케이씨씨,화학,2019,214364777780.0,274779646909.0,2059589238830.0,2916784567953.0,,481101854114.0,-221877261778.0,133209522238.0,2719563984151.0,9382221503013.0,4453226856338.0,4928994646675.0,0.525354751547073,0.474645248452927,0.7061163383332832,0.5411737987299428,0.0734935243882071,-0.0236486914859925,-0.0498239296886966,0.0489819408604889,,0.0292872692059932,0.0557476050606711,0.0,0.0,True,False,False,True,False,,False,True,False,True,,False,4,,Insufficient data
00105271,002380,케이씨씨,화학,2020,492511997839.0,679854398097.0,3372155707442.0,3014059194900.0,,911513169052.0,560873030681.0,133845504026.0,5083631492987.0,12347572328146.0,5245995001770.0,7101577326376.0,0.5751395608502022,0.4248604391497977,1.118808719200978,0.816388258914616,0.1634048855683939,0.0454237493634682,0.1069145186931671,0.0263287187929816,,0.055059762358896,0.0957328726918102,0.0,0.0,False,False,False,False,False,,False,False,False,False,,False,4,,Insufficient data
00105271,002380,케이씨씨,화학,2021,541200616648.0,424043437081.0,3668126354343.0,2699971576814.0,,1306421988122.0,-53211168479.0,388769767968.0,5874899292339.0,12878863208936.0,5376066871921.0,7502796337015.0,0.582566660992966,0.417433339007034,1.3585796183348844,0.8747145290350947,0.2004467829571093,-0.0041316665621605,-0.0098977876850676,0.0661747118754809,,0.0329255331159024,0.0565180524745133,0.0,0.0,False,False,False,True,False,,False,False,False,True,,False,4,,Insufficient data
00105271,002380,케이씨씨,화학,2022,776747673687.0,384566370763.0,4029782763437.0,2869372542476.0,,1576100223492.0,28661656966.0,467661528938.0,6774793651227.0,13118486307658.0,5551138505338.0,7567347802320.0,0.576846110507621,0.423153889492379,1.4044125340237883,0.8551286051645638,0.2707029715342363,0.0021848295827597,0.005163203357012,0.0690296344086141,,0.0293148433244548,0.0508191748032381,0.0,0.0,False,False,False,False,False,,False,False,False,False,,False,4,,Insufficient data
00105271,002380,케이씨씨,화학,2023,1045142107132.0,788266331197.0,4178192966688.0,3836444032748.0,554248708442.0,1398999724007.0,92502625102.0,312530203929.0,6288442613717.0,13353471078397.0,5447529409519.0,7905941668878.0,0.59205143160628,0.4079485683937199,1.089079608883336,0.7244190763524044,0.272424698030425,0.0069272344665237,0.0169806563945044,0.0496991422402864,0.5638807978597303,0.0590308187713262,0.0997055587065657,0.0,0.0,False,False,False,False,False,True,False,False,False,False,True,False,5,1,Watch
00105271,002380,케이씨씨,화학,2024,501329763430.0,596801288316.0,3994488398577.0,3230859313899.0,769832798478.0,1583235991296.0,293294512467.0,471118235184.0,6658762417820.0,13108550142754.0,5039315406549.0,8069234736205.0,0.6155703451815702,0.3844296548184299,1.2363547931019172,0.7463192213006333,0.1551691716421398,0.0223742907699921,0.0582012612439062,0.0707516210404513,0.6119747510309064,0.0455276351554327,0.0739600851662271,0.0,0.0,False,False,False,False,False,True,False,False,False,False,True,False,5,1,Watch
00105271,002380,케이씨씨,화학,2025,1193612441434.0,789477482258.0,3982829853431.0,3982446436106.0,657045718984.0,1529985814462.0,1538496275573.0,427615116299.0,6483819486096.0,16803559405446.0,7824485732406.0,8979073673040.0,0.5343554574592035,0.4656445425407964,1.0000962768316288,0.6159138806565767,0.2997183918438595,0.0915577609749977,0.1966258650330388,0.065951113724863,0.6508148579983565,0.046982753070884,0.0879241568791706,0.0,0.0,False,False,False,False,False,True,False,False,False,False,True,False,5,1,Watch
00105855,010120,엘에스일렉트릭,전기·전자,2019,534507436526.0,216079620947.0,1666899982143.0,753778846648.0,16177577703.0,196292257902.0,103042611501.0,168548576962.0,2346848548538.0,2538144406862.0,1362682802339.0,1175461604523.0,0.4631184897695659,0.5368815102304341,2.211391298065186,1.950980358205442,0.7091037893978,0.0405976158103609,0.0756174594147154,0.0718191112362148,10.418653525041888,0.0851329106266838,0.1838253330568672,0.0,0.0,False,False,False,False,False,False,False,False,False,False,False,False,5,0,Low
00105855,010120,엘에스일렉트릭,전기·전자,2020,683234939608.0,288900985879.0,1649804547143.0,644246457944.0,19432193597.0,176861493887.0,85485546630.0,133713579421.0,2402672528424.0,2540396071840.0,1413469901122.0,1126926170718.0,0.4436025481261949,0.5563974518738052,2.5608282774391387,2.28630368874148,1.0605179604532478,0.0336504797726612,0.0604792125832621,0.0556520199232924,6.881033721362425,0.1137228123919078,0.2563619457829541,0.0,0.0,False,False,False,False,False,False,False,False,False,False,False,False,5,0,Low
00105855,010120,엘에스일렉트릭,전기·전자,2021,701596943478.0,101544478367.0,1887748202729.0,845300727437.0,48934631254.0,261477004953.0,85310345509.0,155131916609.0,2668264980253.0,2796731557614.0,1473419264652.0,1323312292962.0,0.4731638577750983,0.5268361422249016,2.2332267575975715,1.9238966027001383,0.8299968528422801,0.0305035874024969,0.0578995724812577,0.0581396217231358,3.1701866885186605,0.0363082678030177,0.0767350827972063,0.0,0.0,False,False,False,False,False,False,False,False,False,False,False,False,5,0,Low
00105855,010120,엘에스일렉트릭,전기·전자,2022,556085787716.0,-145446470458.0,2341252236663.0,1390210307038.0,36179239812.0,460346933466.0,91209999630.0,187524016869.0,3377070215838.0,3322804977898.0,1549291005666.0,1773513972232.0,0.5337400130398028,0.4662599869601972,1.6840993228221004,1.3529645792977043,0.4000011975891644,0.0274496999482946,0.0588720900698646,0.0555286105659094,5.18319394889004,-0.0437721959084126,-0.0820103324446623,0.0,0.0,False,False,False,False,False,False,True,False,False,False,False,True,5,1,Watch
00105855,010120,엘에스일렉트릭,전기·전자,2023,583925062424.0,214646330873.0,2605193022178.0,1448676924745.0,46582280024.0,527985325318.0,207672688149.0,324877723039.0,4230482628448.0,3732891934230.0,1724042303163.0,2008849631067.0,0.5381483489104472,0.4618516510895528,1.7983257534364143,1.4338653852898469,0.4030747314669791,0.0556331905150202,0.1204568401645336,0.0767944822310226,6.974276975528406,0.0575013514065941,0.1068503722496096,0.0,0.0,False,False,False,False,False,False,False,False,False,False,False,False,5,0,Low
00105855,010120,엘에스일렉트릭,전기·전자,2024,660104319206.0,230146922129.0,3052191652183.0,1846349798510.0,55346279717.0,510013227555.0,242237998768.0,389717122317.0,4551837252467.0,4485197464384.0,1890092083448.0,2595105380936.0,0.5785933398792763,0.4214066601207237,1.6530950173396783,1.3768671714750542,0.3575185589094237,0.0540083242023479,0.1281620090837571,0.0856175431372862,7.04143303415741,0.0513125506639446,0.0886850005474501,0.0,0.0,False,False,False,False,False,False,False,False,False,False,False,False,5,0,Low
00105855,010120,엘에스일렉트릭,전기·전자,2025,762716704001.0,299948385888.0,3356846142791.0,1864659912559.0,60129920354.0,552890167663.0,284256733172.0,426407143017.0,4965798552980.0,4956680318372.0,2141298852376.0,2815381465996.0,0.5679973863879726,0.4320026136120274,1.8002457821835034,1.5037358588783838,0.409037969263935,0.0573482078556486,0.1327496780080869,0.0858687960189426,7.091430364561164,0.0605139663286811,0.1065391633463378,0.0,0.0,False,False,False,False,False,False,False,False,False,False,False,False,5,0,Low
00105873,034220,LG디스플레이,전기·전자,2019,3336003000000.0,2706545000000.0,10248315000000.0,10984976000000.0,443247000000.0,2051155000000.0,-2872078000000.0,-1359382000000.0,23475567000000.0,35574563000000.0,12488281000000.0,23086282000000.0,0.6489547601751285,0.3510452398248715,0.9329392253565232,0.7462155584136005,0.3036877822946541,-0.0807340345965739,-0.2299818525864368,-0.0579062478022362,-3.066872421020334,0.07608090646117,0.1172360711872097,0.0,0.0,True,False,False,True,True,True,False,True,False,True,True,False,5,3,High
00105873,034220,LG디스플레이,전기·전자,2020,4218099000000.0,2286948000000.0,11099470000000.0,11006948000000.0,802678000000.0,2170656000000.0,-70636000000.0,-29117000000.0,24230124000000.0,35071523000000.0,12736939000000.0,22334584000000.0,0.6368296010412778,0.3631703989587221,1.0084057815118233,0.8111979814931441,0.3832214888268755,-0.0020140556770232,-0.0055457594638711,-0.0012016859674345,-0.0362748200399163,0.0652081177084896,0.1023949226007522,0.0,0.0,False,False,False,True,True,True,False,False,False,True,True,False,5,2,Moderate
00105873,034220,LG디스플레이,전기·전자,2021,3541597000000.0,5753446000000.0,13187067000000.0,13994817000000.0,916614000000.0,3350375000000.0,1333544000000.0,2230608000000.0,29878043000000.0,38154515000000.0,14762501000000.0,23392014000000.0,0.6130863935762255,0.3869136064237745,0.9422822034757582,0.7028810737575204,0.2530649025278429,0.034951145362482,0.0903332030256932,0.0746570985254957,2.433530362835392,0.1507933202662909,0.2459577016327025,0.0,0.0,True,False,False,False,False,False,False,True,False,False,False,False,5,1,Watch
00105873,034220,LG디스플레이,전기·전자,2022,1824649000000.0,3011020000000.0,9444035000000.0,13961520000000.0,966363000000.0,2872918000000.0,-3195585000000.0,-2085047000000.0,26151781000000.0,35686019000000.0,11319227000000.0,24366792000000.0,0.6828105987389628,0.3171894012610373,0.6764331534102304,0.4706591402655298,0.1306912857625817,-0.0895472537858593,-0.2823147729080793,-0.0797286808114522,-2.1576229636275395,0.0843753403819013,0.1235706366270947,0.0,0.0,True,True,False,True,True,True,False,True,False,True,True,False,5,3,High
00105873,034220,LG디스플레이,전기·전자,2023,2257522000000.0,1682748000000.0,9503186000000.0,13885028000000.0,1634534000000.0,2527728000000.0,-2576729000000.0,-2510164000000.0,21330819000000.0,35759298000000.0,8770544000000.0,26988754000000.0,0.7547338876730746,0.2452661123269254,0.6844196497119055,0.5023726275524976,0.162586780523597,-0.0720575946429373,-0.2937935206755704,-0.1176778069327764,-1.5357062012781624,0.0470576351918317,0.0623499699170995,0.0,0.0,True,False,True,True,True,True,False,True,True,True,True,False,5,4,High
00105873,034220,LG디스플레이,전기·전자,2024,2021640000000.0,2411761000000.0,10123037000000.0,15859084000000.0,1821912000000.0,2671242000000.0,-2409300000000.0,-560596000000.0,26615347000000.0,32859566000000.0,8072807000000.0,24786759000000.0,0.7543239919845564,0.2456760080154436,0.638311582182174,0.4698754984840234,0.1274752060081149,-0.0733211144663322,-0.2984463768302648,-0.0210628852593956,-0.3076965297994634,0.0733960089430274,0.0973003771892888,0.0,0.0,True,True,True,True,True,True,False,True,True,True,True,False,5,4,High
00105873,034220,LG디스플레이,전기·전자,2025,1572058000000.0,2352083000000.0,6982077000000.0,9596471000000.0,1152916000000.0,2545666000000.0,303807000000.0,516977000000.0,25810082000000.0,26916700000000.0,7839238000000.0,19077462000000.0,0.7087593204218943,0.2912406795781058,0.7275671442137427,0.4622960878014428,0.163816261206854,0.0112869333907945,0.0387546595727799,0.0200300409739108,0.4484082101384662,0.0873837803296838,0.1232911904109676,0.0,0.0,True,True,False,False,False,True,False,True,False,False,True,False,5,2,Moderate
00105961,011070,LG이노텍,전기·전자,2019,799575276871.0,769041422028.0,2530944169760.0,2046234453957.0,93748526003.0,488148655157.0,102300470956.0,403129277832.0,8302068230724.0,5770780509572.0,2204604257510.0,3566176252062.0,0.61797121657058,0.3820287834294201,1.2368788751776074,0.9983193815609204,0.3907544784639827,0.0177273196903458,0.0464030996073389,0.0485576926891679,4.300113239317487,0.1332647153625736,0.2156487418655576,0.0,0.0,False,False,False,False,False,False,False,False,False,False,False,False,5,0,Low
00105961,011070,LG이노텍,전기·전자,2020,694606987268.0,950268413751.0,3161799525105.0,2284222240450.0,98896037341.0,859393512529.0,236127867008.0,681019009060.0,9541789540547.0,6038600271628.0,2427687837098.0,3610912434530.0,0.5979717603590446,0.4020282396409554,1.3841908502222244,1.007960596742293,0.3040890570836749,0.0391030795857497,0.0972645096291546,0.0713722521510319,6.886211291882221,0.1573656759855059,0.2631657319252296,0.0,0.0,False,False,False,False,False,False,False,False,False,False,False,False,5,0,Low
00105961,011070,LG이노텍,전기·전자,2021,565874458592.0,1177629168876.0,4113364037891.0,3310267874012.0,67217820514.0,1392013529303.0,888282436433.0,1264223240881.0,14945609219058.0,7741352841297.0,3314206193932.0,4427146647365.0,0.5718828140409716,0.4281171859590283,1.2426076059233413,0.8220937435162188,0.1709452165592169,0.1147451168605015,0.2680226830965924,0.0845882708661294,18.807858261600284,0.1521218827016671,0.2660018433265396,0.0,0.0,False,False,False,False,False,False,False,False,False,False,False,False,5,0,Low
00105961,011070,LG이노텍,전기·전자,2022,577908207202.0,1514999766762.0,4713796330744.0,4270416742099.0,251103713888.0,1978792005948.0,979848640817.0,1271751532028.0,19589409483381.0,9793617826430.0,4265792959339.0,5527824867091.0,0.5644313434585,0.4355686565414999,1.1038258360768485,0.640453728516362,0.1353282927881052,0.1000497117799191,0.2296990618524606,0.0649203608259305,5.064646445632582,0.1546925552550637,0.2740679748704238,0.0,0.0,False,False,False,False,False,False,False,False,False,False,False,False,5,0,Low
00105961,011070,LG이노텍,전기·전자,2023,1389646000000.0,2104064000000.0,5349008000000.0,4219145000000.0,219067000000.0,1572002000000.0,565201000000.0,830824000000.0,20605290000000.0,11204306000000.0,4714575000000.0,6489731000000.0,0.5792175793842117,0.4207824206157882,1.2677943042962496,0.8952064932587053,0.3293667318852516,0.0504449807065248,0.1198837647083777,0.0403209078833639,3.7925566150994894,0.187790658341534,0.3242143626600239,0.0,0.0,False,False,False,False,False,False,False,False,False,False,False,False,5,0,Low
00105961,011070,LG이노텍,전기·전자,2024,1329386000000.0,1110059000000.0,5853122000000.0,3954861000000.0,212751000000.0,1575241000000.0,449274000000.0,706043000000.0,21200755000000.0,11378212000000.0,5353865000000.0,6024347000000.0,0.5294634165719535,0.4705365834280465,1.4799817237571686,1.08167670115334,0.3361397530785532,0.039485465730468,0.0839158252963046,0.0333027290773371,3.318635400068625,0.0975600560087999,0.1842621283269373,0.0,0.0,False,False,False,False,False,False,False,False,False,False,False,False,5,0,Low
00105961,011070,LG이노텍,전기·전자,2025,1406403000000.0,1331402000000.0,6778361000000.0,4507244000000.0,189421000000.0,1788772000000.0,341262000000.0,665007000000.0,21896603000000.0,11930883000000.0,5763054000000.0,6167829000000.0,0.5169633295373025,0.4830366704626975,1.5038815293780412,1.1070155065933862,0.3120316983061045,0.0286032475551055,0.0592154784598582,0.0303703273060209,3.5107353461337443,0.1115929139528063,0.2158623398930158,0.0,0.0,False,False,False,False,False,False,False,False,False,False,False,False,5,0,Low
00106368,011780,금호석유화학,화학,2019,127807557195.0,557680550905.0,1261435503491.0,1275639574023.0,76135340395.0,469472369067.0,294696728256.0,367758876376.0,4977931637637.0,4538042397798.0,2629571508396.0,1908470889402.0,0.4205493739609065,0.5794506260390935,0.9888651380677972,0.6208361284421243,0.1001909628688703,0.0649391747417335,0.1120702469261848,0.0738778478988058,4.830330756623919,0.1228901147277962,0.2922132865645876,0.0,0.0,True,False,False,False,False,False,False,True,False,False,False,False,5,1,Watch
00106368,011780,금호석유화학,화학,2020,418223093806.0,771534306405.0,1705481685846.0,1210245805894.0,83702401639.0,531852802723.0,582982310651.0,742159982879.0,4809535907763.0,5027282217052.0,3149233632984.0,1878048584068.0,0.3735713459049228,0.6264286540950772,1.409202723562568,0.9697442266747196,0.3455687198164356,0.115963712694224,0.1851187871693741,0.1543101033264125,8.86665099622662,0.1534694638363525,0.4108170113117076,0.0,0.0,False,False,False,False,False,False,False,False,False,False,False,False,5,0,Low
00106368,011780,금호석유화학,화학,2021,622937474397.0,2127031389404.0,3445210514447.0,2360281020363.0,58262208353.0,780319057437.0,1965576708770.0,2406835526956.0,8461841500290.0,8115674806919.0,5082908385354.0,3032766421565.0,0.3736924524106636,0.6263075475893364,1.4596611525169758,1.129056851289747,0.2639251296869705,0.242195104601068,0.3867031549169082,0.2844340120142304,41.31040677987052,0.262089282777891,0.7013502175041845,0.0,0.0,False,False,False,False,False,False,False,False,False,False,False,False,5,0,Low
00106368,011780,금호석유화학,화학,2022,567301480378.0,513532762319.0,2743638365732.0,1462781190709.0,104504954019.0,826466256560.0,1025704605758.0,1147745512728.0,7975625981021.0,7719272223622.0,5653415177596.0,2065857046026.0,0.2676232922197254,0.7323767077802746,1.875631422634152,1.310634920211655,0.3878238823285886,0.1328758173107573,0.1814309711097779,0.1439066369786151,10.982689993044051,0.066526059379992,0.2485809767461213,0.0,0.0,False,False,False,False,False,False,False,False,False,False,False,False,5,0,Low
00106368,011780,금호석유화학,화학,2023,452439485955.0,630703779509.0,2571407562515.0,1529933392561.0,60355470349.0,745609380745.0,447043536116.0,358961881960.0,6322528187782.0,7979694633685.0,,2145675091381.0,0.2688918799377832,,1.6807317070259158,1.193384098057853,0.2957249564947716,0.0560226370353669,,0.0567750544242218,5.947462257925183,0.0790385858685099,0.2939418843246515,,,False,False,False,False,False,False,False,False,False,False,False,False,5,0,Low
00106368,011780,금호석유화학,화학,2024,429285910593.0,322334793729.0,2710939308766.0,1534476881893.0,69556345344.0,958420279555.0,348602013402.0,272804307588.0,7155003786012.0,8340238952259.0,6042223071506.0,2298015880753.0,0.2755335781033671,0.7244664218966329,1.7666863155485684,1.1420954267157244,0.2797604288853237,0.0417976050083767,0.0576943302616453,0.0381277656514076,3.9220621244375424,0.0386481485211756,0.1402665649218138,0.0,0.0,False,False,False,False,False,False,False,False,False,False,False,False,5,0,Low
00106368,011780,금호석유화학,화학,2025,650436032913.0,715308386329.0,2741554103400.0,1366480538680.0,70293841792.0,858849008765.0,290934780649.0,271828509546.0,6915145099921.0,8474479180387.0,6246537410457.0,2227941769930.0,0.2629001408235518,0.7370998591764483,2.006288436459037,1.3777767347156409,0.4759936307188916,0.0343306974335753,0.0465753683251718,0.0393091548504319,3.867031629176601,0.0844073566177944,0.3210624245136687,0.0,0.0,False,False,False,False,False,False,False,False,False,False,False,False,5,0,Low
00106641,000270,기아,운송장비·부품,2019,4268716000000.0,3610658000000.0,21555416000000.0,17276646000000.0,,8108681000000.0,1826659000000.0,2009680000000.0,58145959000000.0,55344798000000.0,28978138000000.0,26366660000000.0,0.4764071954874602,0.5235928045125398,1.247662075150466,0.7783186042013016,0.2470801334935033,0.0330050712263869,0.0630357616490058,0.0345626770039169,,0.0652393383024001,0.1369402874690992,0.0,0.0,False,False,False,False,False,,False,False,False,False,,False,4,,Insufficient data
00106641,000270,기아,운송장비·부품,2020,10160697000000.0,5423896000000.0,26093382000000.0,21097589000000.0,,7093959000000.0,1487585000000.0,2066457000000.0,59168096000000.0,60490443000000.0,29891672000000.0,30598771000000.0,0.5058447166604483,0.4941552833395516,1.2367944981770191,0.9005494893279038,0.4816046516026073,0.0245920665517361,0.0497658678979215,0.034925190088929,,0.0896653377129342,0.1772586225767041,0.0,0.0,False,False,False,False,False,,False,False,False,False,,False,4,,Insufficient data
00106641,000270,기아,운송장비·부품,2021,11533710000000.0,7359670000000.0,29205483000000.0,21562636000000.0,,7087685000000.0,4760311000000.0,5065685000000.0,69862366000000.0,66849997000000.0,34912556000000.0,31937441000000.0,0.4777478299662451,0.5222521700337548,1.3544486397674198,1.0257464810888612,0.534893321948207,0.0712088438837177,0.1363495414085408,0.0725094967439264,,0.1100923011260568,0.2304401908718986,0.0,0.0,False,False,False,False,False,,False,False,False,False,,False,4,,Insufficient data
00106641,000270,기아,운송장비·부품,2022,11553972000000.0,9333186000000.0,34147147000000.0,25377803000000.0,,9103825000000.0,5408976000000.0,7233120000000.0,86559029000000.0,73710965000000.0,39343081000000.0,34367884000000.0,0.4662519884253313,0.5337480115746687,1.3455517406293995,0.9868199386684496,0.455278654342143,0.0733808870905434,0.1374822678478078,0.083562859745111,,0.1266186923478752,0.2715670828032357,0.0,0.0,False,False,False,False,False,,False,False,False,False,,False,4,,Insufficient data
00106641,000270,기아,운송장비·부품,2023,14353142000000.0,11296526000000.0,37466302000000.0,25674105000000.0,392011000000.0,11272875000000.0,8777817000000.0,11607873000000.0,99808420000000.0,80627826000000.0,46558235000000.0,34069591000000.0,0.4225537595420221,0.5774462404579779,1.459303138317772,1.0202274626515706,0.5590513087019002,0.1088683328755509,0.1885341443892793,0.1163015404912731,29.611089994923613,0.1401070394729482,0.3315721048720543,0.0,0.0,False,False,False,False,False,False,False,False,False,False,False,False,5,0,Low
00106641,000270,기아,운송장비·부품,2024,13566568000000.0,12564368000000.0,41797457000000.0,26977376000000.0,609619000000.0,12419084000000.0,9775005000000.0,12667139000000.0,107448752000000.0,92755874000000.0,55840309000000.0,36915565000000.0,0.3979862773973754,0.6020137226026246,1.5493522053442117,1.0890003905494738,0.5028868634221505,0.1053842153436018,0.1750528457856492,0.1178900523665458,20.77877986086392,0.135456305441098,0.3403542110218278,0.0,0.0,False,False,False,False,False,False,False,False,False,False,False,False,5,0,Low
00106641,000270,기아,운송장비·부품,2025,13998106000000.0,9054140000000.0,44425929000000.0,28378332000000.0,577624000000.0,14666201000000.0,7554174000000.0,9078148000000.0,114140919000000.0,98979055000000.0,61190464000000.0,37788591000000.0,0.3817837117155745,0.6182162882844254,1.5654876755970013,1.0486778433630275,0.4932673985208151,0.0763209347674616,0.1234534518319717,0.079534562009265,15.716362201016578,0.0914753126305358,0.2395998305414457,0.0,0.0,False,False,False,False,False,False,False,False,False,False,False,False,5,0,Low
00107613,007660,이수페타시스,전기·전자,2019,27027236794.0,15468978780.0,224717545689.0,302570656721.0,11039865274.0,81822315745.0,-91099124274.0,-23957646315.0,514238394051.0,416712435733.0,76024871249.0,340687564484.0,0.8175603492243476,0.1824396507756523,0.7426944440822355,0.4722706143833488,0.0893253730778056,-0.2186138844494909,-1.1982805465809754,-0.0465885989691854,-2.170103141695278,0.0371214714357875,0.0454051758637832,0.0,0.0,True,True,True,True,True,True,False,True,True,True,True,False,5,4,High
00107613,007660,이수페타시스,전기·전자,2020,23159628294.0,-22195222594.0,224299898914.0,295044097044.0,26674585222.0,94206392664.0,-13504623004.0,1963548854.0,514188415796.0,389384712550.0,65108814354.0,324275898196.0,0.8327905224434318,0.1672094775565682,0.7602250008091167,0.4409290257062798,0.0784954809332999,-0.0346819548090653,-0.2074162022145675,0.0038187341326239,0.0736112234795146,-0.057000754982516,-0.0684454895275155,0.0,0.0,True,True,True,True,False,True,True,True,True,True,True,True,5,5,High
00107613,007660,이수페타시스,전기·전자,2021,44364623195.0,3972190584.0,310268447359.0,298215821354.0,19189848986.0,111337249017.0,-3603718792.0,46875580199.0,469621094131.0,449678765264.0,125491909633.0,324186855631.0,0.7209298741084083,0.2790701258915917,1.040415783274935,0.6670712420246033,0.1487668326702778,-0.0080139848050959,-0.0287167419998551,0.0998157467473642,2.442727935649634,0.0088333959502579,0.0122527811199146,0.0,0.0,False,False,False,True,False,False,False,False,False,True,False,False,5,1,Watch
00107613,007660,이수페타시스,전기·전자,2022,45645080142.0,29760255326.0,373857465832.0,286000684042.0,42181310254.0,167460622091.0,102473037692.0,116618143622.0,642920533265.0,546014160739.0,222328078478.0,323686082261.0,0.5928162775538802,0.4071837224461198,1.3071908099950489,0.7216655597603048,0.1595978005958087,0.187674688790687,0.4609091141051714,0.1813881149973042,2.764687557588168,0.0545045485372048,0.0919417205649367,0.0,0.0,False,False,False,False,False,False,False,False,False,False,False,False,5,0,Low
00107613,007660,이수페타시스,전기·전자,2023,47962800869.0,52473189957.0,383628200131.0,290513985554.0,38366603620.0,176074379910.0,47723051484.0,62169058401.0,675332755709.0,626436318507.0,266778163292.0,359658155215.0,0.5741336263391967,0.4258663736608032,1.32051542854102,0.714436586676549,0.1650963576763322,0.076181808228711,0.1788866483489696,0.0920569273079781,1.620395149300943,0.0837646036903807,0.1458974006181844,0.0,0.0,False,False,False,False,False,False,False,False,False,False,False,False,5,0,Low
00107613,007660,이수페타시스,전기·전자,2024,80356130093.0,84900910242.0,522697354400.0,377363096552.0,46092399872.0,186899798289.0,74034111779.0,101878836049.0,836866961285.0,790136366426.0,327526708412.0,462609658014.0,0.5854807823952064,0.4145192176047935,1.3851310824400478,0.8898526622746421,0.2129411456160421,0.0936978918131262,0.2260399224782351,0.1217383894479071,2.210317456498699,0.1074509589098268,0.183526021930633,0.0,0.0,False,False,False,False,False,False,False,False,False,False,False,False,5,0,Low
00107613,007660,이수페타시스,전기·전자,2025,162780032068.0,168752524669.0,862769924036.0,416473904433.0,47226097436.0,298791648898.0,160482561697.0,204724531402.0,1088025119176.0,1289510030680.0,756197181444.0,533312849236.0,0.4135778990061574,0.5864221009938426,2.071606203540173,1.3541743411410538,0.3908528969891009,0.1244523562274055,0.2122231682886595,0.1881615854209737,4.334987274344216,0.1308656161286402,0.3164231368337502,0.0,0.0,False,False,False,False,False,False,False,False,False,False,False,False,5,0,Low
00108241,004370,농심,음식료·담배,2019,317796185342.0,162459540125.0,1078580682201.0,584986895655.0,14143364594.0,208388985969.0,71068947413.0,78816048821.0,2343942951727.0,2653049874906.0,1940743396811.0,712306478095.0,0.2684858979970128,0.7315141020029872,1.8437689633941825,1.4875404948305055,0.5432535116639988,0.0267876409279784,0.0366194456875542,0.033625412582217,5.572651987946059,0.0612350116979071,0.228075337121015,0.0,0.0,False,False,False,False,False,False,False,False,False,False,False,False,5,0,Low
00108241,004370,농심,음식료·담배,2020,321541825344.0,231491673657.0,1074436085893.0,522145640326.0,15313138975.0,228410803287.0,149048288404.0,160297491725.0,2639795633339.0,2725528184628.0,2048963987969.0,676564196659.0,0.2482323244627692,0.7517676755372308,2.0577325614021773,1.620286022263418,0.6158086949519417,0.0546860198491556,0.0727432445270751,0.0607234475656149,10.467970805117048,0.084934610092317,0.3421577358071104,0.0,0.0,False,False,False,False,False,False,False,False,False,False,False,False,5,0,Low
00108241,004370,농심,음식료·담배,2021,157475655585.0,162684342404.0,1088691509295.0,537328993494.0,7697506797.0,256007782597.0,99637362533.0,106139720895.0,2662982988213.0,2899907793800.0,2200767285527.0,699140508273.0,0.2410905994210442,0.7589094005789557,2.026117187936848,1.549672057119877,0.293071204963293,0.0343588036647318,0.0452739202314799,0.039857453601769,13.788844062647213,0.0560998328125532,0.2326919131117991,0.0,0.0,False,False,False,False,False,False,False,False,False,False,False,False,5,0,Low
00108241,004370,농심,음식료·담배,2022,127900573250.0,159650440148.0,1208524614820.0,616485543701.0,22654996510.0,296880553453.0,116033570018.0,112172856716.0,3129065208087.0,3034718535547.0,2315340178664.0,719378356883.0,0.2370494490532163,0.7629505509467837,1.960345424427573,1.4787760567653376,0.2074672708173554,0.0382353647163147,0.0501151282594481,0.0358486797993508,4.951351754412608,0.0526079892675198,0.2219283338461148,0.0,0.0,False,False,False,False,False,False,False,False,False,False,False,False,5,0,Low
00108241,004370,농심,음식료·담배,2023,142899537581.0,327223955699.0,1419816691135.0,696493722736.0,15820660202.0,318234266905.0,171469224876.0,212064743455.0,3410559367259.0,3234751426458.0,2440801761177.0,793949665281.0,0.2454437947803494,0.7545562052196505,2.0385204414443363,1.5816114176919085,0.205169885838533,0.0530084702872381,0.0702511886066955,0.0621788746710579,13.404291650748648,0.1011589184326614,0.412146978591126,0.0,0.0,False,False,False,False,False,False,False,False,False,False,False,False,5,0,Low
00108241,004370,농심,음식료·담배,2024,140894116584.0,272544275630.0,1743739590775.0,678174791731.0,19152755746.0,323189566831.0,157630314203.0,163073931930.0,3438730857998.0,3597461570702.0,2672575129457.0,924886441245.0,0.2570941824027657,0.7429058175972343,2.5712244277381804,2.094666509673903,0.207754871313303,0.0438170946666263,0.0589806858806721,0.0474227087446268,8.514384775363594,0.0757601631799547,0.2946786367233637,0.0,0.0,False,False,False,False,False,False,False,False,False,False,False,False,5,0,Low
00108241,004370,농심,음식료·담배,2025,253539960716.0,268700833743.0,1960196420067.0,833082759238.0,21274824530.0,353314247728.0,170054449646.0,183933032197.0,3514315500097.0,3822122467403.0,2831185859403.0,990936608000.0,0.2592634371219683,0.7407365628780317,2.3529432080192643,1.9288385871876343,0.3043394643623482,0.0444921509177978,0.0600647425110616,0.0523382240985259,8.645572231988698,0.0703014715082044,0.2711584490609514,0.0,0.0,False,False,False,False,False,False,False,False,False,False,False,False,5,0,Low
00111704,042660,한화오션,운송장비·부품,2019,2012238821503.0,2542127053852.0,6871061134451.0,4807538069313.0,167796190784.0,1159031229805.0,-46485191069.0,292760934105.0,8358744818823.0,11276078800189.0,3754896548541.0,7521182251648.0,0.667003342644425,0.332996657355575,1.4292265678164209,1.1881403375891004,0.4185591029111809,-0.0041224606436965,-0.0123798859617217,0.0350245091159779,1.7447412407702634,0.2254442434199192,0.3379956725945556,0.0,0.0,False,False,False,True,False,False,False,False,False,True,False,False,5,1,Watch
00111704,042660,한화오션,운송장비·부품,2020,1343559258347.0,-458467494666.0,5953237429075.0,5162708937003.0,441707738495.0,963311053440.0,86572614374.0,153437091215.0,7030175197162.0,10320774853795.0,3868970660954.0,6451804192841.0,0.6251278885779239,0.374872111422076,1.1531228085329384,0.9665325774750528,0.2602430767919581,0.0083881894141084,0.0223761361769161,0.0218255003484039,0.3473724316847957,-0.0444218095211542,-0.0710603547415033,0.0,0.0,False,False,False,False,False,True,True,False,False,False,True,True,5,2,Moderate
00111704,042660,한화오션,운송장비·부품,2021,1778939684909.0,485786909235.0,6481079243776.0,7464467860107.0,761410435090.0,1139095854036.0,-1699829429734.0,-1754651375507.0,4486585681366.0,10623209555073.0,2217583452890.0,8405626102183.0,0.7912510864636934,0.2087489135363066,0.8682573714883804,0.7156549522156326,0.2383210321550637,-0.1600109101605987,-0.7665233195705657,-0.3910883464890775,-2.3044750828764218,0.0457288267464344,0.0577930666115207,0.0,0.0,True,False,True,True,True,True,False,True,True,True,True,False,5,4,High
00111704,042660,한화오션,운송장비·부품,2022,659721353644.0,-1065432625974.0,7822464527787.0,10672486378148.0,1137043236621.0,2202075920366.0,-1744778447657.0,-1613564533698.0,4860150249534.0,12235665304876.0,744971931958.0,11490693372918.0,0.9391147180479738,0.0608852819520262,0.7329561501060856,0.5266241069118429,0.0618151506845475,-0.1425977586165006,-2.342072731614494,-0.3319988993864359,-1.4190881065289116,-0.0870759864238373,-0.0927213520887329,0.0,0.0,True,False,True,True,True,True,True,True,True,True,True,True,5,5,High
00111704,042660,한화오션,운송장비·부품,2023,1799307748627.0,-1939155311922.0,9217523943523.0,7459444078866.0,898893098681.0,2890783261031.0,160043854483.0,-196498300366.0,7408312265643.0,13944772692394.0,4312157120697.0,9632615571697.0,0.6907689199517026,0.3092310800482973,1.2356851054943851,0.8481517678263504,0.2412120433645685,0.0114769783641072,0.0371145693450824,-0.0265240304836077,-0.2186002992506381,-0.1390596573137178,-0.2013113984969686,0.0,0.0,False,False,False,False,True,True,True,False,False,True,True,True,5,3,High
00111704,042660,한화오션,운송장비·부품,2024,588259735081.0,-2904574465563.0,11246034307660.0,10346614469478.0,1172189542295.0,2779695381926.0,528212898147.0,237876379317.0,10776004933627.0,17843809161295.0,4863349890725.0,12980459270570.0,0.7274488957618931,0.2725511042381068,1.086928902283471,0.818271421121303,0.0568552869942469,0.0296020257430653,0.1086109184030468,0.0220746353386212,0.2029333744534761,-0.1627777140692196,-0.2237651538376926,0.0,0.0,False,False,False,False,False,True,True,False,False,False,True,True,5,2,Moderate
00111704,042660,한화오션,운송장비·부품,2025,778471159631.0,1314671582302.0,12082155480715.0,11200499198877.0,766972195370.0,3040398552060.0,1245921538208.0,1167590137928.0,12783512278323.0,20140914014349.0,6175006995811.0,13965907018538.0,0.6934097930505171,0.3065902069494828,1.078715802410521,0.8072637449553639,0.0695032556860548,0.0618602282557965,0.2017684415666586,0.0913356292470483,1.522336982978549,0.0652736802989868,0.0941343502113351,0.0,0.0,False,False,False,False,False,False,False,False,False,False,False,False,5,0,Low
00113207,001440,대한전선,전기·전자,2019,198784545000.0,79182422000.0,718605710000.0,882166274000.0,,201282173000.0,-12627729000.0,33222451000.0,1554739981000.0,1235075989000.0,312646586000.0,922429403000.0,0.7468604451997002,0.2531395548002998,0.8145921366293357,0.586424070208787,0.2253368223868417,-0.0102242526876619,-0.0403897869526072,0.02136849338539,,0.0641113767130323,0.0858411730398841,0.0,0.0,True,False,False,True,False,,False,True,False,True,,False,4,,Insufficient data
00113207,001440,대한전선,전기·전자,2020,130557141000.0,16661768000.0,721463010000.0,800880060000.0,,217486069000.0,2683898000.0,56644901000.0,1596841749000.0,1199462928000.0,359634314000.0,839828614000.0,0.7001705466631979,0.2998294533368021,0.900837773386442,0.6292789222396172,0.1630170952189769,0.0022375831193675,0.0074628529467852,0.0354730836887707,,0.0138910237332487,0.0198394859644541,0.0,0.0,True,False,False,False,False,,False,True,False,False,,False,4,,Insufficient data
00113207,001440,대한전선,전기·전자,2021,147921442000.0,-19314404000.0,939158406000.0,757749988000.0,,350061900000.0,28937337000.0,39462123000.0,1997709556000.0,1420870615000.0,387760789000.0,1033109826000.0,0.7270963415623878,0.2729036584376122,1.2394040526200576,0.7774285916583875,0.1952114079083297,0.0203659198061464,0.0746267746014927,0.0197536838533298,,-0.0135933587450536,-0.0186954024769869,0.0,0.0,False,False,False,False,False,,True,False,False,False,,True,4,,Insufficient data
00113207,001440,대한전선,전기·전자,2022,217217061000.0,-46604678000.0,1144663275000.0,488178116000.0,,418456408000.0,21830706000.0,48173734000.0,2450545975000.0,1620264871000.0,882204303000.0,738060568000.0,0.4555184656595569,0.544481534340443,2.344765644922928,1.4875858691707515,0.4449545235247702,0.0134735415120902,0.0247456353655985,0.0196583677643509,,-0.0287636168839705,-0.0631447878678704,0.0,0.0,False,False,False,False,False,,True,False,False,False,,True,4,,Insufficient data
00113207,001440,대한전선,전기·전자,2023,289331472000.0,30717002000.0,1265741722000.0,682343719000.0,,459812516000.0,71872998000.0,79823888000.0,2843980012000.0,1878565100000.0,953285756000.0,925279344000.0,0.4925457967892622,0.5074542032107379,1.854991387412478,1.1811191098543694,0.4240259915105923,0.038259519459826,0.0753950193293352,0.0280676684305754,,0.0163513109021348,0.0331975442866905,0.0,0.0,False,False,False,False,False,,False,False,False,False,,False,4,,Insufficient data
00113207,001440,대한전선,전기·전자,2024,333476916000.0,6751598000.0,1775776357000.0,920138410000.0,80324153000.0,596570482000.0,74190402000.0,115169757000.0,3291299375000.0,2642726208000.0,1496112472000.0,1146613736000.0,0.4338753415049191,0.5661246584950809,1.9299013471245048,1.281552712270755,0.3624203841246014,0.028073434839906,0.0495887865307495,0.0349921851153391,1.433812280597593,0.0025547852742223,0.0058882933179862,0.0,0.0,False,False,False,False,False,False,False,False,False,False,False,False,5,0,Low
00113207,001440,대한전선,전기·전자,2025,438856642626.0,-171279828165.0,2422681174185.0,1683734347194.0,212396073935.0,856263743808.0,89877397889.0,128613046536.0,3636018215712.0,3493282185409.0,1632342790538.0,1860939394871.0,0.5327194586924324,0.4672805413075675,1.438873761898651,0.9303233808750694,0.2606448240230826,0.0257286394624535,0.0550603699235119,0.0353719478027464,0.6055340108375059,-0.0490312030560869,-0.0920394445069357,0.0,0.0,False,False,False,False,False,True,True,False,False,False,True,True,5,2,Moderate
00113526,003490,대한항공,운송·창고,2019,816253031774.0,2333681191938.0,3574701574491.0,8777297332478.0,674619603077.0,712925078163.0,-622761502186.0,257473678564.0,12683407264566.0,27014118935120.0,2780792692635.0,24233326242485.0,0.8970615070099585,0.1029384929900416,0.407266774621362,0.3260430161957457,0.0929959417865084,-0.023053185768586,-0.2239510711587381,0.0203000402962153,0.3816575702657315,0.0863874627021084,0.0963004900188515,0.0,0.0,True,True,True,True,False,True,False,True,True,True,True,False,5,4,High
00113526,003490,대한항공,운송·창고,2020,1314565984342.0,1376703698885.0,4002518982269.0,7987774772740.0,752029889117.0,551195375265.0,-230018634965.0,108918118710.0,7606224078611.0,25190061074278.0,3311724114318.0,21878336959960.0,0.8685305246163274,0.1314694753836725,0.5010806008111868,0.4320757288728751,0.164572239671584,-0.009131325020878,-0.0694558565342236,0.0143196042588703,0.1448321672930936,0.0546526542681063,0.0629254271659008,0.0,0.0,True,True,True,True,False,True,False,True,True,True,True,False,5,4,High
00113526,003490,대한항공,운송·창고,2021,1185375122156.0,3514195624777.0,6640996811377.0,8444926989287.0,438002374129.0,597063639357.0,578782033232.0,1417968632826.0,9016824640301.0,26671903184202.0,6865689155499.0,19806214028703.0,0.7425872046669093,0.2574127953330907,0.786388895937358,0.7156880313692665,0.1403653487661567,0.0217000650172882,0.084300646318721,0.1572580913338762,3.237353760115422,0.1317564629905558,0.1774289432439868,0.0,0.0,True,False,False,False,False,False,False,True,False,False,False,False,5,1,Watch
00113526,003490,대한항공,운송·창고,2022,1056900546947.0,5572422138746.0,8090936743191.0,8475183412857.0,433107272606.0,730074501912.0,1729502852463.0,2830586753727.0,14096094819146.0,28997701022484.0,9292460206825.0,19705240815659.0,0.679544933592498,0.320455066407502,0.9546621411068118,0.8685195213725339,0.1247053303110424,0.0596427575800575,0.1861189409444808,0.2008064495907306,6.535532725404036,0.1921677216557719,0.2827888372882918,0.0,0.0,True,False,False,False,False,False,False,True,False,False,False,False,5,1,Watch
00113526,003490,대한항공,운송·창고,2023,622787378176.0,4092464601394.0,8595169639226.0,9409864309283.0,590656706274.0,853580309361.0,1129105735756.0,1790089190805.0,16111796106147.0,30391776029656.0,9815208241633.0,20576567788023.0,0.6770439400430098,0.3229560599569901,0.9134212095648084,0.8227099855444019,0.0661845227206527,0.0371516865172416,0.1150363505245555,0.1111042604444356,3.0306761470589225,0.1346569742222571,0.1988895642632927,0.0,0.0,True,False,False,False,False,False,False,True,False,False,False,False,5,1,Watch
00113526,003490,대한항공,운송·창고,2024,2215624563052.0,4558915095322.0,11616873056353.0,16973485891743.0,596800896688.0,1170692607613.0,1381858075058.0,2110200077994.0,17870718495804.0,47012065940089.0,10963191867177.0,36048874072912.0,0.7668004660516682,0.2331995339483318,0.6844129208605404,0.6154410776528643,0.1305344451448139,0.0293936896289349,0.1260452331583453,0.1180814346378669,3.535852726939159,0.0969732983258333,0.1264648400973965,0.0,0.0,True,False,True,False,False,False,False,True,True,False,False,False,5,2,Moderate
00113526,003490,대한항공,운송·창고,2025,1869988073408.0,4075191178550.0,9709042248026.0,15081470974297.0,972607669667.0,1448919064257.0,647272880287.0,1113589428051.0,25225542379502.0,50406072098945.0,11459098427293.0,38946973671652.0,0.7726643249488023,0.2273356750511976,0.6437728961964582,0.5477001015250128,0.1239924193465595,0.0128411687984025,0.0564854979118899,0.0441453115773594,1.1449523407853337,0.0808472275036739,0.1046343475338155,0.0,0.0,True,False,True,False,False,False,False,True,True,False,False,False,5,2,Moderate
00124504,047050,포스코인터내셔널,유통,2019,236088955000.0,1608967559000.0,5032320679000.0,3561239530000.0,922521959000.0,1111858683000.0,202398051000.0,605317746000.0,24422574846000.0,8959415088000.0,3048060836000.0,5911354252000.0,0.6597924299676113,0.3402075700323887,1.41308121416927,1.1008700658784387,0.0662940397609256,0.0225905429106735,0.0664022346960794,0.024785173136613,0.656155379386476,0.1795839955171859,0.2721825643346675,0.0,0.0,False,False,False,False,False,True,False,False,False,False,True,False,5,1,Watch
00124504,047050,포스코인터내셔널,유통,2020,679304336000.0,1118609455000.0,4764575099000.0,3397363219000.0,1260551660000.0,929405905000.0,229524209000.0,474478289000.0,21472386358000.0,8328038736000.0,3160873733000.0,5167165003000.0,0.6204540068556185,0.3795459931443815,1.4024332377397175,1.128866402200253,0.1999504592858783,0.027560415636376,0.0726141656984689,0.0220971382076134,0.3764052708478445,0.1343184740681542,0.2164841754328626,0.0,0.0,False,False,False,False,False,True,False,False,False,False,True,False,5,1,Watch
00124504,047050,포스코인터내셔널,유통,2021,521159587000.0,-509688025000.0,7155183542000.0,5669339170000.0,1319081694000.0,1904178951000.0,356487962000.0,585385807000.0,33948864785000.0,10770734147000.0,3512139928000.0,7258594219000.0,0.6739182417775816,0.3260817582224184,1.262084226652469,0.9262110509786275,0.0919259849115712,0.0330978331778148,0.101501639828742,0.0172431629365894,0.4437828298752814,-0.0473215676892335,-0.0702185588038311,0.0,0.0,False,False,False,False,False,True,True,False,False,False,True,True,5,2,Moderate
00124504,047050,포스코인터내셔널,유통,2022,1297706346000.0,1233286799000.0,7319472229000.0,5487439570000.0,2572002827000.0,1758238610000.0,604912380000.0,902507009000.0,37989588330000.0,12516336931000.0,4398127078000.0,8118209853000.0,0.6486090856896891,0.3513909143103108,1.3338592863993946,1.013447810779263,0.2364866764263975,0.0483298255180216,0.1375386316202298,0.0237566935750998,0.3508965851537145,0.098534164252597,0.1519161023589765,0.0,0.0,False,False,False,False,False,True,False,False,False,False,True,False,5,1,Watch
00124504,047050,포스코인터내셔널,유통,2023,1136862750000.0,1076435727000.0,8077259886000.0,6275479255000.0,1572100317000.0,1958796641000.0,680419303000.0,1163112035000.0,33132821374000.0,16617748008000.0,6624761980000.0,9992986028000.0,0.6013441787171911,0.3986558212828088,1.2871144270876886,0.9749794392396568,0.1811595105017999,0.0409453376397594,0.1027084905169679,0.0351045273769748,0.7398459388517508,0.0647762697136693,0.1077191265937793,0.0,0.0,False,False,False,False,False,True,False,False,False,False,True,False,5,1,Watch
00124504,047050,포스코인터내셔널,유통,2024,1057204161000.0,876881370000.0,8268175054000.0,6659697291000.0,1711580938000.0,2080674440000.0,503409725000.0,1116921237000.0,32340793124000.0,17336325971000.0,7349462921000.0,9986863050000.0,0.5760657169636696,0.4239342830363304,1.2415241553356664,0.9290963753505534,0.1587465788315512,0.0290378553011807,0.0684961241945423,0.0345359878070255,0.652566999434531,0.0505805769611644,0.0878034839979106,0.0,0.0,False,False,False,False,False,True,False,False,False,False,True,False,5,1,Watch
00124504,047050,포스코인터내셔널,유통,2025,1171465925000.0,1941539030000.0,7555975291000.0,6612175529000.0,1573317686000.0,1736165193000.0,636802406000.0,1165316105000.0,32373603908000.0,18753010588000.0,7812655175000.0,10940355413000.0,0.5833919498771415,0.4166080501228585,1.1427366466393152,0.8801656992430396,0.1771680016451662,0.0339573426363598,0.0815090890018706,0.0359958720787348,0.740674382147637,0.10353212466282,0.1774658095378642,0.0,0.0,False,False,False,False,False,True,False,False,False,False,True,False,5,1,Watch
00126186,018260,삼성에스디에스,IT 서비스,2019,1148183598879.0,893786644757.0,6383846734777.0,1698187475543.0,73480745641.0,17481715898.0,750448957378.0,990089397088.0,10719631804166.0,9021235882454.0,6725157088500.0,2296078793954.0,0.2545193168510088,0.7454806831489912,3.759211999096712,3.748917661074693,0.6761229931411814,0.0831869343797558,0.1115883164515615,0.0923622578812099,13.474133780911997,0.0990758535086511,0.3892665387226716,0.0,0.0,False,False,False,False,False,False,False,False,False,False,False,False,5,0,Low
00126186,018260,삼성에스디에스,IT 서비스,2020,1199285828821.0,979402851889.0,6581153129017.0,1720756826228.0,112711846336.0,25746661465.0,452908951325.0,871618076210.0,11017431525517.0,9154919055538.0,6859108164233.0,2295810891305.0,0.2507734778841345,0.7492265221158655,3.824568950537465,3.809606545000223,0.6969525330606445,0.0494716500033963,0.0660302973040585,0.0791126383850249,7.733154096435083,0.1069810498539076,0.4266043233779945,0.0,0.0,False,False,False,False,False,False,False,False,False,False,False,False,5,0,Low
00126186,018260,삼성에스디에스,IT 서비스,2021,1080888303254.0,980238874630.0,7575968337003.0,2370289617955.0,80122936409.0,44302331418.0,633381433112.0,808097771607.0,13630002438924.0,10517432175247.0,7443700632071.0,3073731543176.0,0.2922511400083085,0.7077488599916915,3.196220529177051,3.177529846366643,0.4560152882020178,0.0602220601529218,0.0850895897644098,0.0592881604554425,10.085723362433187,0.093201349749325,0.3189084215263467,0.0,0.0,False,False,False,False,False,False,False,False,False,False,False,False,5,0,Low
00126186,018260,삼성에스디에스,IT 서비스,2022,1392134431709.0,1289793206812.0,8005764371670.0,2493322920021.0,206576130937.0,40898414807.0,1130012585621.0,916074023314.0,17234749537662.0,11952424889489.0,8466969934914.0,3485454954575.0,0.2916106971431479,0.7083893028568521,3.210881473629004,3.1944782975788453,0.5583450184211497,0.0945425381099643,0.1334612729592121,0.0531527320029897,4.434558916167218,0.1079105887497564,0.3700501723939999,0.0,0.0,False,False,False,False,False,False,False,False,False,False,False,False,5,0,Low
00126186,018260,삼성에스디에스,IT 서비스,2023,1787694554183.0,1460826705639.0,8160300292307.0,2391861435547.0,138970736852.0,23535380327.0,701325761022.0,808230946594.0,13276844204872.0,12321024561023.0,8975571141939.0,3345453419084.0,0.2715239631667637,0.7284760368332363,3.4116944113197776,3.401854635496134,0.7474072400745774,0.056921058597725,0.0781371736607384,0.0608752301467404,5.815835512585241,0.1185637361896232,0.4366603035946562,0.0,0.0,False,False,False,False,False,False,False,False,False,False,False,False,5,0,Low
00126186,018260,삼성에스디에스,IT 서비스,2024,1668766407204.0,1238044504932.0,9003786950710.0,2495408581399.0,155471871099.0,18980443722.0,789501325293.0,911096907001.0,13828232033800.0,13238330251696.0,9705449479475.0,3532880772221.0,0.2668675508958837,0.7331324491041162,3.608141375254152,3.6005352285639938,0.6687347393301181,0.0596375305859932,0.0813461887533009,0.0658867239697763,5.860204167870597,0.0935196872561319,0.3504348390884655,0.0,0.0,False,False,False,False,False,False,False,False,False,False,False,False,5,0,Low
00126186,018260,삼성에스디에스,IT 서비스,2025,1558981444019.0,1203327812666.0,9405728578305.0,2331826662742.0,161257210713.0,15483733427.0,782669219514.0,957102744609.0,13929868497711.0,13453704199195.0,10262899983419.0,3190804215776.0,0.2371691965672116,0.7628308034327883,4.033631113577192,4.026990940156757,0.6685666087142988,0.0581749983443839,0.0762619942490426,0.068708670492207,5.93525548641926,0.0894421190513465,0.3771236751902536,0.0,0.0,False,False,False,False,False,False,False,False,False,False,False,False,5,0,Low
00126308,028050,삼성E&A,일반서비스,2019,589512193537.0,784124248896.0,2901788916958.0,2977490493635.0,63630464530.0,,323809854401.0,422717496667.0,6392058453386.0,4565711799514.0,1295186237870.0,3270525561644.0,0.7163232602618792,0.2836767397381207,0.9745753758613748,,0.1979896140045464,0.0709220968427021,0.2500102648816913,0.066131669437891,6.64331935637057,0.1717419502868022,0.2397548143613478,0.0,0.0,True,,False,False,False,False,False,True,False,False,False,False,5,1,Watch
00126308,028050,삼성E&A,일반서비스,2020,747991437420.0,44368719200.0,3135849998310.0,2961081111463.0,64670728884.0,,252135563290.0,361182672371.0,6749174145123.0,4755575903078.0,1581735518369.0,3173840384709.0,0.6673934870127428,0.3326065129872572,1.059021985642484,,0.2526075474678352,0.0530189336536102,0.1594043759920043,0.0535150915659796,5.584948223157559,0.0093298309404088,0.0139795055270456,0.0,0.0,False,,False,False,False,False,False,,False,False,False,False,4,,Insufficient data
00126308,028050,삼성E&A,일반서비스,2021,1138310713309.0,739825439031.0,4442487368675.0,3852685466439.0,40800896923.0,,351071466376.0,503288807347.0,7486696121177.0,6058722396874.0,1960517718335.0,4098204678539.0,0.6764140044860729,0.3235859955139271,1.1530885164059728,,0.2954590306488553,0.0579448014579997,0.1790707949705003,0.0672244203853003,12.335238813421514,0.1221091495152036,0.1805242775953166,0.0,0.0,False,,False,False,False,False,False,,False,False,False,False,4,,Insufficient data
00126308,028050,삼성E&A,일반서비스,2022,1412070576945.0,576706460947.0,5947655470530.0,5013013164226.0,93600938214.0,,595319035026.0,702942994188.0,10054344625186.0,7848723222714.0,2577040406955.0,5271682815759.0,0.671661194588043,0.328338805411957,1.186443218017822,,0.2816810031583113,0.075849156370193,0.2310088089497292,0.0699143524906772,7.509999446595931,0.073477742122187,0.1093970333767069,0.0,0.0,False,,False,False,False,False,False,,False,False,False,False,4,,Insufficient data
00126308,028050,삼성E&A,일반서비스,2023,915023632645.0,-459792198902.0,5965342032534.0,4216949491567.0,214055274649.0,,695607943011.0,993128866188.0,10624917993595.0,7801398613122.0,3298338295974.0,4503060317148.0,0.5772119257659549,0.422788074234045,1.4146107380378663,,0.2169870980135883,0.0891645174803634,0.210896481983085,0.0934716735495451,4.639590721679231,-0.058937149824472,-0.1021066045131742,0.0,0.0,False,,False,False,False,False,True,,False,False,False,True,4,,Insufficient data
00126308,028050,삼성E&A,일반서비스,2024,2595674599832.0,1635836692152.0,7941890024257.0,5871110579495.0,116180586125.0,,638672451980.0,971611686017.0,9966551344477.0,10013337796132.0,3895741786193.0,6117596009939.0,0.6109447353610835,0.3890552646389165,1.3527065989855904,,0.4421096425772422,0.0637821738348534,0.1639411662866198,0.0974872503471747,8.362943572789623,0.163365775274644,0.2673986136865404,0.0,0.0,False,,False,False,False,False,False,,False,False,False,False,4,,Insufficient data
00126308,028050,삼성E&A,일반서비스,2025,861796626374.0,254433358974.0,7659197467345.0,5258678217510.0,135120842167.0,,648307939623.0,792078846892.0,9028769083650.0,10039557572475.0,4446187475181.0,5593370097294.0,0.5571331263271092,0.4428668736728908,1.4564871913710007,,0.1638808443354542,0.0645753495552868,0.1458121015458548,0.0877283314650674,5.862003479174926,0.0253430848060046,0.0454883825937231,0.0,0.0,False,,False,False,False,False,False,,False,False,False,False,4,,Insufficient data
00126362,006400,삼성SDI,전기·전자,2019,1156295420684.0,923071632668.0,5181414896890.0,3741522650216.0,383670661559.0,1707920528827.0,402366429569.0,462176462269.0,10097426164132.0,19852096448004.0,12660345195136.0,7191751252868.0,0.3622665884031146,0.6377334115968853,1.3848412481455576,0.928363848836375,0.309044078783606,0.0202682084797878,0.0317816318091852,0.0457717100136606,1.204617680150473,0.0464974384486636,0.1283514404505979,0.0,0.0,False,False,False,False,False,False,False,False,False,False,False,False,5,0,Low
00126362,006400,삼성SDI,전기·전자,2020,1545974321801.0,1948820240507.0,5657405165394.0,4983633140961.0,591925690538.0,1810785260639.0,630966297526.0,671335358424.0,11294770446035.0,21534232266829.0,13358926888116.0,8175305378713.0,0.3796422959227626,0.6203577040772373,1.1351969547869,0.7718505347312246,0.3102102980041761,0.0293006172547851,0.0472318100705606,0.0594377160325264,1.1341547919871913,0.0904987099776448,0.2383788923140867,0.0,0.0,False,False,False,False,False,False,False,False,False,False,False,False,5,0,Low
00126362,006400,삼성SDI,전기·전자,2021,2325692348376.0,2176027358565.0,7444907068203.0,6461285795016.0,440534600273.0,2487316318701.0,1250401560241.0,1067575600497.0,13553220248796.0,25833192996936.0,15196699314855.0,10636493682081.0,0.4117374760194205,0.5882625239805794,1.1522330545950668,0.7672761903406446,0.3599426526172166,0.0484029039843935,0.0822811279169493,0.0787691471768001,2.423363794433903,0.0842337746953345,0.2045812674369272,0.0,0.0,False,False,False,False,False,False,False,False,False,False,False,False,5,0,Low
00126362,006400,삼성SDI,전기·전자,2022,2614271849898.0,2641096163726.0,9651702375329.0,8006938827488.0,1442761340601.0,3204515834716.0,2039361447986.0,1808013013202.0,20124069515854.0,30257525171127.0,17217502156128.0,13040023014999.0,0.430967930828736,0.569032069171264,1.2054172741016191,0.8051999246553083,0.3265007896554856,0.0674001405089152,0.1184469982633431,0.0898433098622335,1.253161532903876,0.0872872499911607,0.2025376918957993,0.0,0.0,False,False,False,False,False,False,False,False,False,False,False,False,5,0,Low
00126362,006400,삼성SDI,전기·전자,2023,1524461361452.0,2103521513959.0,9187029193265.0,8518933137070.0,1245885498190.0,3297368930324.0,2066046562201.0,1633368964768.0,22708300498633.0,34038860192967.0,19907249977522.0,14131610215445.0,0.4151610875138771,0.5848389124861229,1.0784248503240144,0.6913612500739369,0.1789497976945412,0.0606967022540866,0.1037836247866404,0.0719282785986703,1.311010495860919,0.0617976483946317,0.1488522172554673,0.0,0.0,False,False,False,False,False,False,False,False,False,False,False,False,5,0,Low
00126362,006400,삼성SDI,전기·전자,2024,1885068694001.0,-137613377776.0,10334312926481.0,10855694147360.0,1602581639814.0,2879441809212.0,575512415979.0,363304463263.0,16592248884388.0,40597344536357.0,21567237112527.0,19030107423830.0,0.4687525167264958,0.5312474832735041,0.9519716368385532,0.6867244983207226,0.1736479186325851,0.0141761098552541,0.0266845684950865,0.0218960350579625,0.2266995042481368,-0.0033897137694008,-0.0072313505494812,0.0,0.0,True,False,False,False,False,True,True,True,False,False,True,True,5,3,High
00126362,006400,삼성SDI,전기·전자,2025,1803994237947.0,792385760879.0,8739928568764.0,9794852795190.0,1054194307557.0,2936331872805.0,-584875358534.0,-1722360788760.0,13266730679499.0,42255338580919.0,23570113159830.0,18685225421089.0,0.442197981334519,0.557802018665481,0.8922981030461177,0.5925149481377604,0.184177779459115,-0.0138414547883449,-0.0248142787676891,-0.1298255636877858,-1.633817197089041,0.0187523230789307,0.0424070752705331,0.0,0.0,True,False,False,True,True,True,False,True,False,True,True,False,5,3,High
00126371,009150,삼성전기,전기·전자,2019,803810427528.0,,3507524565226.0,1850405466232.0,78270093308.0,1271273631462.0,528048551036.0,733968842460.0,8040817645787.0,8674248229943.0,5430096885508.0,3244151344435.0,0.3739979832761043,0.6260020167238957,1.8955437763423868,1.2085194161891994,0.4343969158093807,0.0608754254015013,0.0972447752166763,0.0912803740605365,9.377385556086733,,,0.0,0.0,False,False,False,False,False,False,,False,False,False,False,,4,,Insufficient data
00126371,009150,삼성전기,전기·전자,2020,1479767416889.0,,4150302651523.0,1914879973834.0,47789449843.0,1337915721356.0,623811177841.0,829130678277.0,8208738308011.0,9225498476076.0,5910395939497.0,3315102536579.0,0.3593412914408778,0.6406587085591222,2.1673957157811854,1.4687014165885284,0.7727729346535431,0.0676181541256222,0.1055447357887311,0.1010058607262266,17.3496594122949,,,0.0,0.0,False,False,False,False,False,False,,False,False,False,False,,4,,Insufficient data
00126371,009150,삼성전기,전기·전자,2021,1185206917554.0,,4598268758747.0,2234656820846.0,39757132062.0,1818409548484.0,915432452695.0,1486872833804.0,9675036127726.0,9941374038447.0,6871125642811.0,3070248395636.0,0.3088354168912873,0.6911645831087126,2.057706899713657,1.2439758912111598,0.530375360770296,0.0920830912462081,0.1332288914921505,0.1536813727798938,37.39889566192221,,,0.0,0.0,False,False,False,False,False,False,,False,False,False,False,,4,,Insufficient data
00126371,009150,삼성전기,전기·전자,2022,1677067099648.0,,4888318770849.0,2525123479970.0,46306451763.0,1901579577671.0,993519182170.0,1182835924271.0,9424551868027.0,10997170898641.0,7693484679285.0,3303686219356.0,0.3004123742192877,0.6995876257807123,1.9358731601145605,1.1828091643318308,0.6641525109369798,0.0903431611027138,0.1291377345359624,0.1255058002581318,25.54365275760807,,,0.0,0.0,False,False,False,False,False,False,,False,False,False,False,,4,,Insufficient data
00126371,009150,삼성전기,전기·전자,2023,1669189597138.0,1180360115518.0,5208418321146.0,2900459629423.0,67685972714.0,2119538128949.0,450482125173.0,639423737120.0,8909448483915.0,11657871601848.0,8030324975448.0,3627546626400.0,0.3111671452810445,0.6888328547189555,1.795721708487331,1.0649623117876263,0.5754914083979368,0.0386418842614109,0.0560976207750382,0.0717691716018569,9.446916568988646,0.1012500528253279,0.3253879927904322,0.0,0.0,False,False,False,False,False,False,False,False,False,False,False,False,5,0,Low
00126371,009150,삼성전기,전기·전자,2024,2013326031516.0,1429819006720.0,5891746488305.0,3056860858021.0,72690315725.0,2250799628678.0,703215637082.0,735005856995.0,10294102976435.0,12792402920884.0,9015854031770.0,3776548889114.0,0.2952181003420917,0.7047818996579083,1.9273845824043476,1.1910737939129277,0.6586253431304098,0.0549713483409734,0.0779976732768758,0.0714006707216312,10.111468765325686,0.1117709483951428,0.3786046596249529,0.0,0.0,False,False,False,False,False,False,False,False,False,False,False,False,5,0,Low
00126371,009150,삼성전기,전기·전자,2025,2701205916236.0,1490090883051.0,7097622667422.0,3819497359666.0,76417737680.0,2412996843057.0,730989517218.0,913331178557.0,11314459238100.0,14595895255468.0,9797343882863.0,4798551372605.0,0.3287603321767699,0.6712396678232301,1.8582609173586808,1.2265032236531386,0.707215023830311,0.050081855509627,0.0746109890555754,0.0807224772600243,11.951821740412978,0.1020897215943484,0.3105293175682042,0.0,0.0,False,False,False,False,False,False,False,False,False,False,False,False,5,0,Low
00126380,005930,삼성전자,전기·전자,2019,26885999000000.0,45382915000000.0,181385260000000.0,63782764000000.0,,26766464000000.0,21738865000000.0,27768509000000.0,230400881000000.0,352564497000000.0,262880421000000.0,89684076000000.0,0.254376367340243,0.745623632659757,2.843797424645944,2.4241469999638148,0.4215245203233901,0.0616592571996833,0.0826948804985366,0.1205225816823157,,0.1287223058083469,0.5060309145628038,0.0,0.0,False,False,False,False,False,,False,False,False,False,,False,4,,Insufficient data
00126380,005930,삼성전자,전기·전자,2020,29382578000000.0,65287009000000.0,198215579000000.0,75604351000000.0,,32043145000000.0,26407832000000.0,35993876000000.0,236806988000000.0,378235718000000.0,275948016000000.0,102287702000000.0,0.2704337457627415,0.7295662542372585,2.6217483038773786,2.1979215720005323,0.388636072016543,0.0698184511490266,0.0956985753432632,0.1519966800979707,,0.1726093171348772,0.6382684108007431,0.0,0.0,False,False,False,False,False,,False,False,False,False,,False,4,,Insufficient data
00126380,005930,삼성전자,전기·전자,2021,39031415000000.0,65105448000000.0,218163185000000.0,88117133000000.0,,41384404000000.0,39907450000000.0,51633856000000.0,279604799000000.0,426621158000000.0,304899931000000.0,121721227000000.0,0.2853145576994566,0.7146854423005434,2.475831629701343,2.006179445261797,0.4429492162437922,0.0935430633283312,0.1308870417553489,0.1846672738975413,,0.1526071709739253,0.5348734120138305,0.0,0.0,False,False,False,False,False,,False,False,False,False,,False,4,,Insufficient data
00126380,005930,삼성전자,전기·전자,2022,49680710000000.0,62181346000000.0,218470581000000.0,78344852000000.0,,52187866000000.0,55654077000000.0,43376630000000.0,302231360000000.0,448424507000000.0,354749604000000.0,93674903000000.0,0.2088978223485006,0.7911021776514994,2.7885760892113245,2.1224459649244087,0.6341285832028887,0.1241102485061103,0.1568827036661047,0.1435212745626397,,0.138666252689887,0.6637994170114059,0.0,0.0,False,False,False,False,False,,False,False,False,False,,False,4,,Insufficient data
00126380,005930,삼성전자,전기·전자,2023,69080893000000.0,44137427000000.0,195936557000000.0,75719452000000.0,12645530000000.0,51625874000000.0,15487100000000.0,6566976000000.0,258935494000000.0,455905980000000.0,363677865000000.0,92228115000000.0,0.2022963484707965,0.7977036515292034,2.5876647522488674,1.9058601084434683,0.912326901150843,0.0339699426623006,0.0425846648654297,0.0253614361575319,0.519312041488178,0.096812564292313,0.4785680266803674,0.0,0.0,False,False,False,False,False,True,False,False,False,False,True,False,5,1,Watch
00126380,005930,삼성전자,전기·전자,2024,53705579000000.0,72982621000000.0,227062266000000.0,93326299000000.0,12985684000000.0,51754865000000.0,34451351000000.0,32725961000000.0,300870903000000.0,514531948000000.0,402192070000000.0,112339878000000.0,0.2183341159604728,0.7816658840395271,2.432993362353306,1.8784351557753296,0.5754602890660006,0.0669566800155235,0.0856589514557062,0.1087707740219731,2.520156889694836,0.1418427393744654,0.6496590729785197,0.0,0.0,False,False,False,False,False,False,False,False,False,False,False,False,5,0,Low
00126380,005930,삼성전자,전기·전자,2025,57856378000000.0,85315148000000.0,247684612000000.0,106411348000000.0,11733764000000.0,52636828000000.0,45206805000000.0,43601051000000.0,333605938000000.0,566942110000000.0,436320337000000.0,130621773000000.0,0.2303970206058604,0.7696029793941396,2.327614645009478,1.832960371858084,0.5437049627451388,0.0797379559616765,0.1036092090293742,0.1306962677624761,3.715862275736925,0.1504829972852078,0.6531464551472594,0.0,0.0,False,False,False,False,False,False,False,False,False,False,False,False,5,0,Low
00126478,010140,삼성중공업,운송장비·부품,2019,384251205560.0,-681209310561.0,6929473532110.0,7089067766848.0,438355014030.0,2339638674866.0,-1315353147184.0,-616585523278.0,7349656035614.0,13600084435896.0,5248928572494.0,8351155863402.0,0.6140517658375707,0.3859482341624293,0.9774872747747818,0.6474525294719774,0.0542033477740118,-0.0967165427085337,-0.250594598310378,-0.0838931128600074,-1.4065894162118613,-0.0500886089179725,-0.0815706617986048,0.0,0.0,True,False,False,True,True,True,True,True,False,True,True,True,5,4,High
00126478,010140,삼성중공업,운송장비·부품,2020,987151865443.0,-243903394205.0,6697962907319.0,7533878093812.0,559240546383.0,1820639684528.0,-1492699901584.0,-1054144023100.0,6860317642496.0,12922170785868.0,3718231781599.0,9203939004269.0,0.7122595078479114,0.2877404921520886,0.889045830569042,0.6473854716068503,0.1310283831449043,-0.1155146396313267,-0.4014542366538738,-0.1536581945666978,-1.8849563571845556,-0.0188748003912576,-0.0264998925016639,0.0,0.0,True,False,False,True,True,True,True,True,False,True,True,True,5,4,High
00126478,010140,삼성중공업,운송장비·부품,2021,571214288727.0,845026468770.0,5593582858119.0,7058249752949.0,300702664631.0,1487633548189.0,-1452069565718.0,-1311956174022.0,6622001487326.0,12138595961258.0,4097267105814.0,8041328855444.0,0.6624595530742606,0.3375404469257393,0.7924886556730231,0.5817234376290663,0.0809286025176909,-0.1196241781465072,-0.3543995371103634,-0.1981207912038351,-4.362968235189852,0.0696148443746721,0.1050854260484465,0.0,0.0,True,False,False,True,True,True,False,True,False,True,True,False,5,3,High
00126478,010140,삼성중공업,운송장비·부품,2022,919191704413.0,-1693020710821.0,8411943463061.0,9216046809137.0,256648732887.0,1573509692250.0,-627411807133.0,-854420950816.0,5944667452285.0,14491697984864.0,3571937396906.0,10919760587958.0,0.7535183661268164,0.2464816338731835,0.9127496460544456,0.7420137844819994,0.0997381766227242,-0.0432945682271536,-0.1756502809025886,-0.1437289735168582,-3.3291454089983503,-0.1168269386092156,-0.1550419257989973,0.0,0.0,True,False,True,True,True,True,True,True,True,True,True,True,5,5,High
00126478,010140,삼성중공업,운송장비·부품,2023,583811700104.0,-516466559463.0,9245491743301.0,11231917003443.0,289554857359.0,1729150315257.0,-155556375770.0,233344768042.0,8009429912108.0,15593389152394.0,3409207598067.0,12184181554327.0,0.7813684013944079,0.2186315986055921,0.8231445923671723,0.6691948868336511,0.0519779214825964,-0.0099757900126617,-0.04562830842516,0.0291337549117258,0.8058741275152956,-0.0331208664399752,-0.0423882849381529,0.0,0.0,True,False,True,True,False,True,True,True,True,True,True,True,5,5,High
00126478,010140,삼성중공업,운송장비·부품,2024,955961848816.0,654519940133.0,9369985101261.0,12029241642640.0,361844306644.0,452452891799.0,53877228765.0,502698683088.0,9903077919464.0,17194637128138.0,3749451105353.0,13445186022785.0,0.7819406668828592,0.2180593331171407,0.7789339826749556,0.7413212299146159,0.0794698350249616,0.003133373991175,0.014369364275235,0.0507618628446789,1.389267908483577,0.0380653534736081,0.0486806161717518,0.0,0.0,True,False,True,False,False,False,False,True,True,False,False,False,5,2,Moderate
00126478,010140,삼성중공업,운송장비·부품,2025,772614649370.0,1562848761939.0,7407076766362.0,9422232390200.0,597368803256.0,489645265450.0,535753735212.0,862210880029.0,10650010702818.0,14948871093928.0,4095039935055.0,10853831158873.0,0.7260635997645105,0.2739364002354895,0.7861275820437257,0.7341605698567543,0.0819991077882552,0.0358390765326496,0.1308299170969634,0.0809586867176441,1.4433476862692862,0.1045462732348936,0.1439905171789384,0.0,0.0,True,False,False,False,False,False,False,True,False,False,False,False,5,1,Watch
00126566,012450,한화에어로스페이스,운송장비·부품,2019,1000121610062.0,715142993168.0,4563607003936.0,3329041908478.0,78755486364.0,1329689801105.0,162427318272.0,165225934743.0,5264114375095.0,8708410720271.0,2855355292247.0,5853055428024.0,0.6721152246987562,0.3278847753012439,1.3708469672051768,0.9714258010976828,0.3004232561671908,0.0186517751044871,0.0568851514601459,0.0313872235612316,2.097960946864606,0.0821209536549908,0.122182849959689,0.0,0.0,False,False,False,False,False,False,False,False,False,False,False,False,5,0,Low
00126566,012450,한화에어로스페이스,운송장비·부품,2020,1330706432193.0,434749594569.0,5122725881742.0,3900356540398.0,117098666460.0,1590630001207.0,164739761653.0,243947058546.0,5321444270673.0,9464815678256.0,2989725530836.0,6475090147420.0,0.6841221601700657,0.3158778398299343,1.3133993850775671,0.9055828214552348,0.3411755870034415,0.0174054907409834,0.0551019683759849,0.0458422650201217,2.083260774189349,0.0459332341323637,0.0671418597534469,0.0,0.0,False,False,False,False,False,False,False,False,False,False,False,False,5,0,Low
00126566,012450,한화에어로스페이스,운송장비·부품,2021,2528070087946.0,990006043035.0,6283537818480.0,4330103216575.0,92197568613.0,1604806987748.0,301762016281.0,383046885903.0,6415087932347.0,11045830630560.0,3931558526792.0,7114272103768.0,0.6440685487323393,0.3559314512676607,1.4511288771194966,1.0805125413229193,0.5838359876200915,0.0273190877511853,0.0767537896802533,0.0597103094988847,4.154631099989657,0.0896271250344899,0.1391577421547671,0.0,0.0,False,False,False,False,False,False,False,False,False,False,False,False,5,0,Low
00126566,012450,한화에어로스페이스,운송장비·부품,2022,3043178646369.0,1524327091276.0,8589056321089.0,8270093645238.0,260278773463.0,2014204234096.0,152027954710.0,377215126599.0,6539605817572.0,15157301978809.0,3923783553861.0,11233518424948.0,0.7411291561422519,0.258870843857748,1.038568206060721,0.7950154338069513,0.3679739041554011,0.0100300142414887,0.0387452448951738,0.0576816305327483,1.449273490804363,0.1005671783413116,0.13569453786542,0.0,0.0,False,False,False,False,False,False,False,False,False,False,False,False,5,0,Low
00126566,012450,한화에어로스페이스,운송장비·부품,2023,1806358649283.0,1390220003982.0,9192041562885.0,12076597878814.0,398479842873.0,2868571514248.0,976918345793.0,691114682400.0,9359005981309.0,19542899925708.0,4684225317909.0,14858674607799.0,0.7603106327251328,0.2396893672748672,0.7611449561478417,0.523613530241847,0.1495751259923872,0.049988402412474,0.2085549433452719,0.0738448809393043,1.7343780237844202,0.0711368327764506,0.0935628540685791,0.0,0.0,True,False,True,False,False,False,False,True,True,False,False,False,5,2,Moderate
00126566,012450,한화에어로스페이스,운송장비·부품,2024,2967733422929.0,1392972633695.0,22867968340831.0,25516144577239.0,494883629643.0,6290309306251.0,2539873460538.0,1731878825342.0,11240121484118.0,43336873685473.0,11364316747310.0,31972556938163.0,0.7377679610719255,0.2622320389280744,0.8962156595252154,0.6496929418313322,0.1163080658187008,0.0586076762013729,0.2234954830117,0.1540800806992255,3.499567820805359,0.0321428962274669,0.0435677583243998,0.0,0.0,True,False,False,False,False,False,False,True,False,False,False,False,5,1,Watch
00126566,012450,한화에어로스페이스,운송장비·부품,2025,7713355500000.0,4049804576000.0,30705420001000.0,29976396731000.0,1595624809000.0,7741657563000.0,2201983086000.0,3089320181000.0,26702901249000.0,53953669604000.0,16788184672000.0,37165484932000.0,0.6888407258446169,0.3111592741553832,1.0243199099792433,0.7660614664287551,0.2573142986202626,0.0408124804515011,0.1311626676154304,0.1156923044500901,1.93611942079048,0.0750607809575154,0.1089668164806605,0.0,0.0,False,False,False,False,False,False,False,False,False,False,False,False,5,0,Low
00126955,003230,삼양식품,음식료·담배,2019,87480148505.0,52513365100.0,184550292413.0,149452233987.0,2162868002.0,27586995778.0,60028836929.0,78285193733.0,543580958422.0,470358961825.0,287637665024.0,182721296801.0,0.3884720216492496,0.6115279783507503,1.2348446556446455,1.0502572791829483,0.5853385136592164,0.127623457403867,0.2086960236031373,0.1440175424103517,36.19508618214788,0.1116452951087555,0.2873959741933738,0.0,0.0,False,False,False,False,False,False,False,False,False,False,False,False,5,0,Low
00126955,003230,삼양식품,음식료·담배,2020,104037102528.0,80883024292.0,199991590114.0,163553280936.0,971430378.0,34454114123.0,67973728472.0,95337903716.0,648506611450.0,556224426073.0,347275512898.0,208948913175.0,0.3756557665944305,0.6243442334055694,1.222791673572471,1.012131796095099,0.6361052614328827,0.122205579772721,0.1957342972579955,0.1470114599184014,98.14177719280671,0.1454143696332112,0.3870947355646613,0.0,0.0,False,False,False,False,False,False,False,False,False,False,False,False,5,0,Low
00126955,003230,삼양식품,음식료·담배,2021,114492230597.0,58357507370.0,278912194653.0,182419094567.0,438367446.0,44775562069.0,56657565902.0,65363413971.0,642030314159.0,753080320659.0,395691449960.0,357388870699.0,0.4745693930579128,0.5254306069420872,1.528963814424369,1.2835094546421228,0.6276329288266947,0.075234426325761,0.1431862273186025,0.1018073641220819,149.10645068977135,0.0774917439336788,0.1632885412907831,0.0,0.0,False,False,False,False,False,False,False,False,False,False,False,False,5,0,Low
00126955,003230,삼양식품,음식료·담배,2022,96889779765.0,47787143112.0,348640276501.0,225328097793.0,4948040102.0,110337462516.0,80271060994.0,90375676138.0,909036571591.0,924929490964.0,454763741502.0,470165749462.0,0.5083260443690402,0.4916739556309598,1.5472561119354145,1.057581439328172,0.4299942204900198,0.0867861407579708,0.1765115678063506,0.0994191861608208,18.264944154650266,0.0516657146072769,0.1016389287537038,0.0,0.0,False,False,False,False,False,False,False,False,False,False,False,False,5,0,Low
00126955,003230,삼양식품,음식료·담배,2023,218684811276.0,168099691095.0,492073951173.0,402005197765.0,12226591766.0,142175085782.0,126591199633.0,147514090779.0,1192914607980.0,1170302770895.0,576790316113.0,593512454782.0,0.5071443642982284,0.4928556357017716,1.2240487284959225,0.8703839336812262,0.5439850342528071,0.1081696145487104,0.2194752513982903,0.1236585500690533,12.065021356909186,0.1436377792786427,0.2832285822152525,0.0,0.0,False,False,False,False,False,False,False,False,False,False,False,False,5,0,Low
00126955,003230,삼양식품,음식료·담배,2024,334820783660.0,357904674484.0,676663603748.0,492425282678.0,28977708722.0,148020437103.0,271255665463.0,344569150443.0,1728015003746.0,1594782196967.0,828033342607.0,766748854360.0,0.480785937928216,0.519214062071784,1.3741447231710775,1.0735500089882328,0.6799423088902229,0.1700894742735913,0.3275902690210181,0.1994017121934943,11.890834908606893,0.2244222911220559,0.4667821444385992,0.0,0.0,False,False,False,False,False,False,False,False,False,False,False,False,5,0,Low
00126955,003230,삼양식품,음식료·담배,2025,332840576772.0,309287213625.0,872933619483.0,555472302432.0,18094102570.0,245011080334.0,388673674725.0,524188406060.0,2351785163786.0,2196495586892.0,1271540001153.0,924955585739.0,0.4211051418718281,0.5788948581281719,1.5715160155800263,1.1304299717551969,0.5992028321029487,0.176951721207401,0.3056716063769607,0.2228895794274593,28.97012460452743,0.1408093945058344,0.3343806106948289,0.0,0.0,False,False,False,False,False,False,False,False,False,False,False,False,5,0,Low
00138279,010950,S-Oil,화학,2019,291005000000.0,679447000000.0,5628862000000.0,5748660000000.0,405536000000.0,3196033000000.0,65429000000.0,420077000000.0,24394173000000.0,16333401000000.0,6496626000000.0,9836775000000.0,0.6022490355805261,0.3977509644194739,0.9791607087564754,0.4231993194935863,0.0506213621957116,0.004005840547232,0.0100712277419078,0.0172203829168547,1.0358562495068255,0.0415986235812125,0.069072129839302,0.0,0.0,True,True,False,False,False,False,False,True,False,False,False,False,5,1,Watch
00138279,010950,S-Oil,화학,2020,737439000000.0,1630972000000.0,4996549000000.0,6565111000000.0,452615000000.0,2192289000000.0,-796108000000.0,-1099146000000.0,16829681000000.0,15690510000000.0,5682477000000.0,10008033000000.0,0.6378398790096689,0.3621601209903311,0.7610760884317113,0.4271458624233467,0.1123269659873229,-0.0507381850558076,-0.1400987632682015,-0.0653099723042878,-2.428434762436066,0.1039463981731632,0.1629662891799017,0.0,0.0,True,True,False,True,True,True,False,True,False,True,True,False,5,3,High
00138279,010950,S-Oil,화학,2021,1945526000000.0,1477165000000.0,8377423000000.0,8505027000000.0,359726000000.0,3545340000000.0,1378541000000.0,2140942000000.0,27463918000000.0,18693235000000.0,6988042000000.0,11705193000000.0,0.6261726769069131,0.3738273230930868,0.9849966378707558,0.5681443456910836,0.2287501262488643,0.0737454485539822,0.1972714245277861,0.077954718623905,5.951590933099081,0.0790213678905764,0.1261974065698874,0.0,0.0,True,False,False,False,False,False,False,True,False,False,False,False,5,1,Watch
00138279,010950,S-Oil,화학,2022,1310326000000.0,1278921000000.0,9205981000000.0,8213158000000.0,756627000000.0,4733160000000.0,2104387000000.0,3405166000000.0,42446028000000.0,19613135000000.0,8483469000000.0,11129666000000.0,0.56745981710726,0.43254018289274,1.1208820042181096,0.5445921045230105,0.1595398505666151,0.1072947797483676,0.2480573689843152,0.0802234310357614,4.500455310212297,0.0652073725082706,0.114910995532121,0.0,0.0,False,False,False,False,False,False,False,False,False,False,False,False,5,0,Low
00138279,010950,S-Oil,화학,2023,1963279000000.0,2525709000000.0,9647760000000.0,9254520000000.0,500292000000.0,4639174000000.0,948848000000.0,1354582000000.0,35726694000000.0,21576123000000.0,9037565000000.0,12538558000000.0,0.5811311883974707,0.4188688116025293,1.042491668935828,0.5412042980078924,0.2121427151273107,0.0439767607924741,0.1049893417087456,0.0379151230729605,2.70758277166135,0.1170603727092212,0.2014353644175032,0.0,0.0,False,False,False,False,False,False,False,False,False,False,False,False,5,0,Low
00138279,010950,S-Oil,화학,2024,1945837000000.0,1467583000000.0,10048039000000.0,11656683000000.0,832799000000.0,4493062000000.0,-193042000000.0,422177000000.0,36637031000000.0,24451433000000.0,8695647000000.0,15755786000000.0,0.644370659175681,0.3556293408243189,0.8619981344607209,0.4765486888508506,0.1669288767653714,-0.0078949156067867,-0.0221998432089067,0.0115232317815272,0.5069374482918447,0.0600203268250167,0.0931456545550948,0.0,0.0,True,True,False,True,False,True,False,True,False,True,True,False,5,3,High
00138279,010950,S-Oil,화학,2025,1834658000000.0,3942304000000.0,8615556000000.0,12210859000000.0,677632000000.0,4164448000000.0,176952000000.0,235631000000.0,34246957000000.0,26556957000000.0,8887401000000.0,17669556000000.0,0.6653456568838064,0.3346543431161936,0.7055651039783524,0.3645204649402634,0.150248070180812,0.0066631127956414,0.0199104327575632,0.0068803485226439,0.3477270849074423,0.1484471281856577,0.2231127935529336,0.0,0.0,True,True,False,False,False,True,False,True,False,False,True,False,5,2,Moderate
00139889,011790,SKC,화학,2019,79957905564.0,40533569102.0,992719762193.0,1043159965247.0,85859711986.0,385658113202.0,67392287037.0,155080809640.0,2539766499160.0,3972988752154.0,1726373836870.0,2246614915284.0,0.5654722566395318,0.4345277433604682,0.9516467227132736,0.5819449262005176,0.0766497068789133,0.0169626171230569,0.0390369024354455,0.0610610501757902,1.8062116218755424,0.0102022863971171,0.0180420635624935,0.0,0.0,True,False,False,False,False,False,False,True,False,False,False,False,5,1,Watch
00139889,011790,SKC,화학,2020,428586447897.0,337112812601.0,1247268102692.0,1733924057112.0,184738490709.0,336793144277.0,73620866788.0,190788258583.0,2702184519734.0,5406405840533.0,1915113581068.0,3491292259465.0,0.6457695486509768,0.3542304513490232,0.7193326014343631,0.5250950609287206,0.2471771737286162,0.0136173400516935,0.0384420368148315,0.0706051926467926,1.032747738983803,0.0623543297607427,0.0965581760412858,0.0,0.0,True,False,False,False,False,False,False,True,False,False,False,False,5,1,Watch
00139889,011790,SKC,화학,2021,722154796935.0,282512631068.0,1820030594141.0,1720045412510.0,126068890092.0,515479241989.0,342340322117.0,464743373689.0,3396056746194.0,6180132503610.0,2282360691902.0,3897771811708.0,0.6306938903706668,0.3693061096293332,1.058129384784728,0.7584400636540842,0.4198463550338392,0.0553936864487984,0.1499939616606836,0.1368479411334464,3.686423933373642,0.0457130378520162,0.0724805465059287,0.0,0.0,False,False,False,False,False,False,False,False,False,False,False,False,5,0,Low
00139889,011790,SKC,화학,2022,1098442056091.0,-147158687779.0,2526145050706.0,1870885565853.0,246120261072.0,553271367576.0,-24636826941.0,220255942998.0,3138910077125.0,6393092564908.0,2241850761208.0,4151241803700.0,0.6493323476162962,0.3506676523837038,1.3502402802248596,1.0545132845848326,0.5871241278138694,-0.0038536634173315,-0.0109895035687945,0.0701695612764216,0.8949118696634502,-0.023018388406694,-0.0354493172736499,0.0,0.0,False,False,False,True,False,True,True,False,False,True,True,True,5,3,High
00139889,011790,SKC,화학,2023,531046016471.0,-234741996756.0,2081259893738.0,1845575953952.0,221152824502.0,332902731126.0,-326360017026.0,-216300854733.0,1570751580937.0,7032322131682.0,2524424248940.0,4507897882742.0,0.641025510255429,0.358974489744571,1.127702107995784,0.9473233322465966,0.2877399953840163,-0.0464085704429954,-0.129280970567066,-0.1377053235903605,-0.9780605570834292,-0.033380438546528,-0.0520734947556563,0.0,0.0,False,False,False,True,True,True,True,False,False,True,True,True,5,3,High
00139889,011790,SKC,화학,2024,403559820743.0,-199714849316.0,1520451642691.0,2211034562287.0,356058003012.0,234679326195.0,-455055541599.0,-276832854584.0,1721564345604.0,6748678536179.0,2292732707978.0,4455945828201.0,0.6602693852304735,0.3397306147695265,0.6876652534632066,0.5815252002058493,0.1825208106767788,-0.0674288364988037,-0.19847736284982,-0.1608030831324372,-0.7774937011447264,-0.0295931786119828,-0.0448198557648603,0.0,0.0,True,False,False,True,True,True,True,True,False,True,True,True,5,4,High
00139889,011790,SKC,화학,2025,783286752410.0,-567575812502.0,1779269138668.0,2437828953247.0,267479296431.0,340058970101.0,-719360650768.0,-305025449873.0,1840036441822.0,6740499643049.0,2025734428681.0,4714765214368.0,0.6994682091898045,0.3005317908101956,0.7298580715837962,0.5903655244762284,0.3213050494649029,-0.106722155457693,-0.3551110355745849,-0.1657714178589661,-1.140370316293566,-0.0842038190874026,-0.1203826249443646,0.0,0.0,True,False,False,True,True,True,True,True,False,True,True,True,5,4,High
00140955,014680,한솔케미칼,화학,2019,57077032200.0,101596803399.0,306707463699.0,194313349130.0,11523905489.0,61469632201.0,91031209690.0,111415756439.0,587561120459.0,939194150931.0,520553678128.0,418640472803.0,0.4457443355966516,0.5542556644033483,1.5784168461519636,1.2620740293757706,0.2937370615840406,0.0969248047379373,0.1748738190024202,0.1896241132360196,9.668228930317984,0.1081744422048301,0.2426827074763229,0.0,0.0,False,False,False,False,False,False,False,False,False,False,False,False,5,0,Low
00140955,014680,한솔케미칼,화학,2020,98150172409.0,165042142694.0,307726380787.0,171630786209.0,10044394192.0,60431307631.0,130080716068.0,151933828832.0,619277678729.0,999200501892.0,622270537996.0,376929963896.0,0.3772315598143494,0.6227684401856506,1.792955608863041,1.440854980730912,0.5718681046504067,0.1301847985681456,0.2090420614913254,0.245340392606799,15.126231201978298,0.1651741991537138,0.4378589088224817,0.0,0.0,False,False,False,False,False,False,False,False,False,False,False,False,5,0,Low
00140955,014680,한솔케미칼,화학,2021,66050681155.0,143216285623.0,411301736920.0,199711858483.0,6176651067.0,100241721500.0,158670881601.0,197684583161.0,768688180555.0,1197174769029.0,767869701413.0,429305067616.0,0.3585984926529976,0.6414015073470024,2.0594757869874365,1.5575440426161686,0.3307298908373155,0.1325377761926056,0.2066377685029385,0.2571713578557561,32.00514016684051,0.1196285532639142,0.3336002680292199,0.0,0.0,False,False,False,False,False,False,False,False,False,False,False,False,5,0,Low
00140955,014680,한솔케미칼,화학,2022,99069597710.0,173619763063.0,386120253270.0,153669789765.0,7518951400.0,125407321016.0,166977755320.0,185990108464.0,885470791861.0,1253310602636.0,852496588410.0,400814014226.0,0.3198042156373656,0.6801957843626344,2.5126620779560875,1.696578960983132,0.6446914377998596,0.1332293487095756,0.1958691185280071,0.2100465765483956,24.73617643864542,0.1385289190866476,0.4331678955843696,0.0,0.0,False,False,False,False,False,False,False,False,False,False,False,False,5,0,Low
00140955,014680,한솔케미칼,화학,2023,67090723198.0,144112563274.0,367414633780.0,247816973238.0,9426230375.0,124426638811.0,108690123238.0,124144351473.0,771654641559.0,1350979663141.0,941487453306.0,409492209835.0,0.3031076048050486,0.6968923951949514,1.4826047989341715,0.980513932496616,0.2707269091434144,0.0804528196858994,0.1154451106664655,0.1608807163035875,13.170095206059504,0.1066726370543145,0.3519299264131751,0.0,0.0,False,False,False,False,False,False,False,False,False,False,False,False,5,0,Low
00140955,014680,한솔케미칼,화학,2024,83682420420.0,162357290592.0,348048080154.0,272370414176.0,6629163690.0,125926226072.0,124893890949.0,128825376120.0,776356975793.0,1464678817159.0,1071443703044.0,393235114115.0,0.2684787337047368,0.7315212662952633,1.2778483346179397,0.8155138830110584,0.3072375561536804,0.0852704971805719,0.1165659853095156,0.1659357488073227,19.43312643106569,0.1108483912581737,0.4128758718747565,0.0,0.0,False,False,False,False,False,False,False,False,False,False,False,False,5,0,Low
00140955,014680,한솔케미칼,화학,2025,112551479633.0,200397744222.0,447927418690.0,274800694301.0,12703745646.0,123784800418.0,148134823618.0,156233146521.0,883968714104.0,1600348080121.0,1177266387675.0,423081692446.0,0.2643685443819268,0.7356314556180732,1.630008322320203,1.179555310427833,0.4095749463781119,0.0925641274283278,0.1258294852964872,0.1767405837200466,12.298195420040765,0.1252213482249738,0.4736620558157991,0.0,0.0,False,False,False,False,False,False,False,False,False,False,False,False,5,0,Low
00144395,026960,동서,유통,2019,23032528461.0,106779239598.0,729818738168.0,55883838311.0,166400875.0,32354661823.0,140545751689.0,38471985738.0,502235935419.0,1478277015581.0,1351941869855.0,126335145726.0,0.0854610769121287,0.9145389230878712,13.05956713471388,12.480604364781318,0.4121500805442412,0.0950740288915078,0.1039584281120563,0.076601419820555,231.20062161932745,0.0722322260797872,0.8452061299678751,0.0,0.0,False,False,False,False,False,False,False,False,False,False,False,False,5,0,Low
00144395,026960,동서,유통,2020,22093630814.0,84004855459.0,755493781403.0,55895949631.0,602543298.0,40213750382.0,120588759228.0,45114689622.0,493040722301.0,1525770284059.0,1397256601851.0,128513682208.0,0.0842287227315213,0.9157712772684788,13.516073819130568,12.79663438483393,0.3952635380533338,0.0790346754605799,0.0863039466539298,0.0915029683784569,74.87377217827755,0.0550573414207034,0.653664683913093,0.0,0.0,False,False,False,False,False,False,False,False,False,False,False,False,5,0,Low
00144395,026960,동서,유통,2021,20526764934.0,84765950306.0,780421145328.0,58685673847.0,510445705.0,48371447891.0,115145658677.0,38374679515.0,535327319245.0,1582577880310.0,1448607177260.0,133970703050.0,0.0846534661686017,0.9153465338313984,13.29832468759997,12.47407841555222,0.3497747165264819,0.0727582889345356,0.079487151854925,0.0716845155018836,75.17876855286696,0.053561945582985,0.6327200527891833,0.0,0.0,False,False,False,False,False,False,False,False,False,False,False,False,5,0,Low
00144395,026960,동서,유통,2022,20756866697.0,86159438842.0,812498508803.0,67707637636.0,416350751.0,57145306654.0,169611048759.0,39175078067.0,556486608719.0,1627852719302.0,1545550258853.0,82302460449.0,0.050558910811225,0.9494410891887748,12.000101276181526,11.156100382793158,0.3065661042346516,0.104193116949626,0.1097415291333673,0.0703971622195523,94.0915273310027,0.0529282765082973,1.046863464007738,0.0,0.0,False,False,False,False,False,False,False,False,False,False,False,False,5,0,Low
00144395,026960,동서,유통,2023,35097497319.0,118090904703.0,851964860367.0,57996437367.0,212739783.0,55701870591.0,146302302445.0,43752486840.0,489695541569.0,1694019807604.0,1622874727791.0,71145079813.0,0.0419977850870744,0.9580022149129256,14.689951642646388,13.729515568986898,0.6051664362916624,0.0863639857032888,0.0901500898003024,0.0893463042359251,205.6619886652794,0.0697104627542851,1.6598604571587228,0.0,0.0,False,False,False,False,False,False,False,False,False,False,False,False,5,0,Low
00144395,026960,동서,유통,2024,29362996096.0,113240689853.0,899754296790.0,59271554235.0,258636931.0,66769587918.0,159046264652.0,44476967156.0,488860392545.0,1779146551075.0,1709476549885.0,69670001190.0,0.039159225611799,0.960840774388201,15.180204204240232,14.053701132407973,0.4953977751212921,0.0893946957634831,0.0930379914615964,0.0909809177308342,171.96680684399243,0.0636488825412259,1.6253866501907548,0.0,0.0,False,False,False,False,False,False,False,False,False,False,False,False,5,0,Low
00144395,026960,동서,유통,2025,38923278454.0,106243502438.0,896818125836.0,50762863252.0,439701085.0,68190795291.0,146463695390.0,45337393517.0,532878500925.0,1798366336076.0,1737278347482.0,61087988594.0,0.0339686010400376,0.9660313989599624,17.666815234277912,16.323494725494093,0.7667668047165654,0.0814426362704169,0.084306406974037,0.0850801701294025,103.1095784469124,0.0590777864925014,1.739188093818416,0.0,0.0,False,False,False,False,False,False,False,False,False,False,False,False,5,0,Low
00145109,000100,유한양행,제약,2019,274215080262.0,65985413049.0,1116950744221.0,352226653761.0,5559537807.0,186909878134.0,36612325771.0,12535759291.0,1480353606936.0,2117200258200.0,1649991371524.0,467208886676.0,0.2206729783195904,0.7793270216804095,3.171113634628276,2.640461351110783,0.7785188239844734,0.0172928024305679,0.0221894043828746,0.0084680844037974,2.254820405253159,0.0311663541478591,0.1412332148013262,0.0,0.0,False,False,False,False,False,False,False,False,False,False,False,False,5,0,Low
00145109,000100,유한양행,제약,2020,353490296919.0,28830248876.0,1195516580490.0,382174655875.0,23148442862.0,251985113922.0,190401937316.0,84255098219.0,1619865302675.0,2393522100926.0,1846502193853.0,547019907073.0,0.2285418241433284,0.7714581758566715,3.128194300987411,2.468848868085607,0.9249443715980424,0.079548852814995,0.1031149261288979,0.0520136446406151,3.639773902775612,0.0120451149646147,0.052704204185667,0.0,0.0,False,False,False,False,False,False,False,False,False,False,False,False,5,0,Low
00145109,000100,유한양행,제약,2021,253587520811.0,99000468381.0,1224097103095.0,431979507891.0,3571600952.0,274780428440.0,99126677873.0,48596120264.0,1687810317744.0,2463811804950.0,1935889087603.0,527922717347.0,0.2142707151115844,0.7857292848884156,2.8336925264609367,2.1975965463957565,0.5870359963347773,0.0402330558177562,0.0512047299133948,0.0287924062041258,13.606256946702706,0.0401818305205372,0.1875283353565701,0.0,0.0,False,False,False,False,False,False,False,False,False,False,False,False,5,0,Low
00145109,000100,유한양행,제약,2022,293036245029.0,99528971405.0,1188897717371.0,434154259039.0,17227654806.0,275215897889.0,90592526174.0,36028967211.0,1775846942745.0,2472728072149.0,2007806369446.0,464921702703.0,0.1880197454542365,0.8119802545457635,2.7384223294333765,2.1045096309879208,0.6749588168906495,0.0366366715347182,0.0451201508036836,0.0202883291030186,2.0913448531863974,0.0402506739523935,0.2140768452544811,0.0,0.0,False,False,False,False,False,False,False,False,False,False,False,False,5,0,Low
00145109,000100,유한양행,제약,2023,299257957184.0,144128102312.0,1256459307871.0,583192369256.0,15951253526.0,284758946262.0,134031517424.0,56759795062.0,1858983759666.0,2814070521926.0,2101732643463.0,712337878463.0,0.2531343379324635,0.7468656620675365,2.15445087094317,1.6661746840903182,0.5131376419855671,0.0476290542044647,0.0637719159194091,0.0305327008731899,3.5583281884074798,0.0512169475459187,0.2023310940911676,0.0,0.0,False,False,False,False,False,False,False,False,False,False,False,False,5,0,Low
00145109,000100,유한양행,제약,2024,306475668968.0,54601585042.0,1360261256866.0,619136487792.0,19397356560.0,343155941089.0,55163455235.0,54880319609.0,2067791451854.0,2942048836634.0,2150670010559.0,791378826075.0,0.2689890175244055,0.7310109824755945,2.1970297078064998,1.642780446366938,0.4950050191048682,0.0187500134423711,0.0256494278360546,0.0265405486417858,2.8292679695423404,0.0185590342220388,0.0689955091581201,0.0,0.0,False,False,False,False,False,False,False,False,False,False,False,False,5,0,Low
00145109,000100,유한양행,제약,2025,348564938250.0,106227395422.0,1511630227301.0,733553439318.0,25496755496.0,372764189868.0,185318996567.0,104374493823.0,2186637586358.0,3220925833989.0,2362284335746.0,858641498243.0,0.2665822010498154,0.7334177989501846,2.060695439866514,1.5525331576276538,0.475173204250897,0.0575359403223169,0.0784490646459275,0.0477328728245466,4.093638260733784,0.0329803916318188,0.1237156550660181,0.0,0.0,False,False,False,False,False,False,False,False,False,False,False,False,5,0,Low
00145880,004020,현대제철,금속,2019,915767249640.0,626355650890.0,9578737698343.0,6420343347706.0,,5415551805006.0,25613298147.0,331297506282.0,20512590431956.0,34366332508379.0,17233740124645.0,17132592383734.0,0.4985283890725561,0.5014716109274439,1.4919354276847985,0.6484366439412487,0.1426352455071122,0.0007453020522557,0.0014862298004814,0.0161509345872708,,0.018225850859625,0.0365593038613744,0.0,0.0,False,False,False,False,False,,False,False,False,False,,False,4,,Insufficient data
00145880,004020,현대제철,금속,2020,917233010613.0,2014160118424.0,9934768948051.0,6072727118058.0,,4687841156709.0,-440119749803.0,73032437891.0,18023398349630.0,34845040108141.0,16693031341559.0,18152008766582.0,0.5209352237864426,0.4790647762135574,1.63596498820254,0.8640150774665333,0.1510413678700455,-0.0126307717952711,-0.0263654779529034,0.0040520903147268,,0.0578033519884921,0.1109607286071878,0.0,0.0,False,False,False,True,False,,False,False,False,True,,False,4,,Insufficient data
00145880,004020,현대제철,금속,2021,1380923938134.0,2002894272429.0,12775842710567.0,7466844695256.0,,6730410666644.0,1505154568208.0,2447503013134.0,22849920977857.0,37042298365641.0,18260404159820.0,18781894205821.0,0.5070391156732963,0.4929608843267037,1.7110095672250998,0.8096367730487172,0.1849407607220435,0.0406334011283739,0.082427231896648,0.107112099665718,,0.0540704643286067,0.1066396312576529,0.0,0.0,False,False,False,False,False,,False,False,False,False,,False,4,,Insufficient data
00145880,004020,현대제철,금속,2022,1698640645955.0,2179616640426.0,13191046262816.0,8119176425020.0,,6704290295550.0,1038192930309.0,1616457125289.0,27340601237802.0,36800955829773.0,19128542977421.0,17672412852352.0,0.4802161371595279,0.5197838628404721,1.6246778703030222,0.7989426054687586,0.2092134173511096,0.0282110316675273,0.0542745431021309,0.0591229545842625,,0.0592271747100283,0.123334411584659,0.0,0.0,False,False,False,False,False,,False,False,False,False,,False,4,,Insufficient data
00145880,004020,현대제철,금속,2023,1385746851111.0,1948393342394.0,11953568810846.0,7984156916980.0,650501875429.0,6279341225306.0,442983461011.0,798325068073.0,25914760456167.0,35218841930044.0,19496000328022.0,15722841602022.0,0.4464326690029344,0.5535673309970656,1.4971610572212333,0.7106858801174804,0.1735620761866435,0.0125780246236065,0.0227217610565122,0.0308058054182407,1.227244836990688,0.0553224704623774,0.1239211964167743,0.0,0.0,False,False,False,False,False,False,False,False,False,False,False,False,5,0,Low
00145880,004020,현대제철,금속,2024,1295644723235.0,1777143870407.0,11459924503844.0,7699051534479.0,664452046561.0,6290612480012.0,8814214272.0,159492008580.0,23226141091217.0,34743788025637.0,19333565136259.0,15410222889378.0,0.4435389393351983,0.5564610606648016,1.4884852312681007,0.6714219278416365,0.1682862775281679,0.0002536918042873,0.0004559021685798,0.0068669180968814,0.2400353936833842,0.0511499744672534,0.1153223988493998,0.0,0.0,False,False,False,False,False,True,False,False,False,False,True,False,5,1,Watch
00145880,004020,현대제철,금속,2025,1342926134232.0,2053257208793.0,11317571986110.0,7410535432859.0,651470097789.0,5740330286421.0,1389012026.0,219235156230.0,22733237259727.0,34442304939493.0,19840176064055.0,14602128875438.0,0.4239591078788279,0.576040892121172,1.5272272953350765,0.7526098147994805,0.181218502549403,4.032866059458466e-05,7.001006551128908e-05,0.0096438159565767,0.3365237437206312,0.0596143960864433,0.1406135520586145,0.0,0.0,False,False,False,False,False,True,False,False,False,False,True,False,5,1,Watch
00149655,028260,삼성물산,유통,2019,2704409055099.0,770849628968.0,11753694780360.0,10929358012187.0,193236625934.0,1897381629004.0,1047890680687.0,866770072122.0,30761501059039.0,45905516600415.0,26692096307354.0,19213420293061.0,0.4185427311559174,0.5814572688440826,1.075424079552871,0.9018199550573346,0.247444456671965,0.0228271187928974,0.0392584632027681,0.028177105871994,4.485537190128984,0.0167920913662265,0.0401203750925281,0.0,0.0,False,False,False,False,False,False,False,False,False,False,False,False,5,0,Low
00149655,028260,삼성물산,유통,2020,2402466493357.0,1267896575704.0,12900558536675.0,10888458895923.0,190390955271.0,2019263120927.0,1160650819953.0,857079813534.0,30216118916989.0,54331740265746.0,32945482242712.0,21386258023034.0,0.3936236520021278,0.6063763479978722,1.1847919581627293,0.999342103391906,0.2206433909813043,0.0213622978810554,0.0352294378756514,0.0283649867770445,4.501683456097186,0.0233362040218571,0.059285573677191,0.0,0.0,False,False,False,False,False,False,False,False,False,False,False,False,5,0,Low
00149655,028260,삼성물산,유통,2021,2254546929858.0,1195731728299.0,15144027183146.0,11875536780965.0,174726796114.0,2810438798684.0,1829084039967.0,1195982736408.0,34455181882704.0,55245423114466.0,33152239482954.0,22093183631512.0,0.399909755161725,0.600090244838275,1.275228855963798,1.0385710230994527,0.189848001942258,0.0331083361634722,0.0551722619193634,0.0347112588312403,6.844873041841186,0.0216439962061924,0.0541222011387033,0.0,0.0,False,False,False,False,False,False,False,False,False,False,False,False,5,0,Low
00149655,028260,삼성물산,유통,2022,4200424490443.0,2618286420045.0,20312841472941.0,16413402987394.0,396701103688.0,4108795374087.0,2544956968509.0,2528524413589.0,43161653399535.0,58981492466950.0,31964121380517.0,27017371086433.0,0.4580652329469631,0.5419347670530369,1.2375764787193666,0.9872447603522078,0.2559142972160652,0.0431483989648965,0.079619174830822,0.0585826587823959,6.373877940046393,0.0443916610199741,0.0969112209943992,0.0,0.0,False,False,False,False,False,False,False,False,False,False,False,False,5,0,Low
00149655,028260,삼성물산,유통,2023,3119516302897.0,2798653381137.0,18977560736022.0,14759071583172.0,333640948236.0,4470088756719.0,2719106116709.0,2870173816853.0,41895681215734.0,66127029212679.0,39897109481722.0,26229919730957.0,0.3966595814639704,0.6033404185360295,1.2858234767056649,0.9829528840990333,0.2113626379083228,0.0411194355633875,0.0681529602527897,0.0685076297500349,8.602582602728939,0.0423223818529019,0.1066969861075854,0.0,0.0,False,False,False,False,False,False,False,False,False,False,False,False,5,0,Low
00149655,028260,삼성물산,유통,2024,3622371844804.0,3306879187574.0,20180976210724.0,14747260718483.0,267653634612.0,5125896844856.0,2772012091811.0,2983396694918.0,42103238027336.0,61990426835548.0,37258539898529.0,24731886937019.0,0.3989630044430773,0.6010369955569226,1.3684559184222485,1.020872937236351,0.2456301488088576,0.0447167769817872,0.0743993752669959,0.0708590796028798,11.146483025507331,0.0533449978711502,0.133709134122889,0.0,0.0,False,False,False,False,False,False,False,False,False,False,False,False,5,0,Low
00149655,028260,삼성물산,유통,2025,3458217651048.0,3023741373868.0,21356404512532.0,13871980126883.0,185633761663.0,5642125021821.0,3906652564846.0,3292747495925.0,40742240967149.0,86532745699428.0,57496949405446.0,29035796293982.0,0.3355469199467911,0.6644530800532089,1.5395354028185688,1.1328072378259642,0.2492951705103872,0.0451465226634063,0.0679453884987499,0.0808190079328229,17.7378698057235,0.0349433194269714,0.1041384001751901,0.0,0.0,False,False,False,False,False,False,False,False,False,False,False,False,5,0,Low
00155212,022100,포스코DX,일반서비스,2019,97735816378.0,63834635178.0,453829005436.0,268536477191.0,5304167715.0,2065769623.0,39675367921.0,48101224987.0,969787009533.0,675419399549.0,366269191331.0,309150208218.0,0.4577159146219813,0.5422840853780186,1.6900087845913323,1.6823160880734933,0.3639573193197293,0.0587418246314698,0.1083229735398222,0.0495997827504032,9.068571653752846,0.094511107055297,0.2064842056744999,0.0,0.0,False,False,False,False,False,False,False,False,False,False,False,False,5,0,Low
00155212,022100,포스코DX,일반서비스,2020,137287016483.0,65554811247.0,479765665587.0,288478113747.0,14552594321.0,5540312950.0,8996905609.0,26087467478.0,964202340142.0,684444510737.0,369962832271.0,314481678466.0,0.4594699402693297,0.5405300597306703,1.6630920777850144,1.6438867631147345,0.475900978066582,0.0131448283503833,0.0243184039698607,0.0270560092958891,1.7926334578264644,0.0957781240387354,0.208453514897172,0.0,0.0,False,False,False,False,False,False,False,False,False,False,False,False,5,0,Low
00155212,022100,포스코DX,일반서비스,2021,29621367106.0,-51913027153.0,441810639746.0,275742799840.0,3147164775.0,3496020444.0,-13923043578.0,-19477262841.0,869274143659.0,646969959736.0,359203925784.0,287766033952.0,0.4447904104688642,0.5552095895311357,1.6022563055222512,1.5895777498318449,0.1074239005449564,-0.0215203864854581,-0.0387608335505006,-0.0224063524528811,-6.188828432410248,-0.0802402435720252,-0.1804001203340739,0.0,0.0,False,False,False,True,True,True,True,False,False,True,True,True,5,3,High
00155212,022100,포스코DX,일반서비스,2022,32014522081.0,-3942810359.0,603491896789.0,431131515113.0,4106415524.0,32219575113.0,45850938928.0,64668494002.0,1152680199426.0,851593785984.0,413992509859.0,437601276125.0,0.5138615186339814,0.4861384813660185,1.399786087618355,1.3250534967880252,0.0742569748644075,0.0538413263255792,0.1107530639711722,0.0561027195871005,15.748161291531297,-0.0046299191279844,-0.0090100522418809,0.0,0.0,False,False,False,False,False,False,True,False,False,False,False,True,5,1,Watch
00155212,022100,포스코DX,일반서비스,2023,60162678094.0,21821037018.0,661855691387.0,421366947879.0,3136105585.0,19082720969.0,92128228460.0,110563784581.0,1485875620930.0,889807220460.0,461449382203.0,428357838257.0,0.4814052172284617,0.5185947827715384,1.5707347116771455,1.525447056665154,0.1427797751979264,0.103537290259763,0.1996496950980229,0.0744098516885275,35.255121865101366,0.0245233310274997,0.0509411409553993,0.0,0.0,False,False,False,False,False,False,False,False,False,False,False,False,5,0,Low
00155212,022100,포스코DX,일반서비스,2024,129180234831.0,97799461517.0,676687634640.0,355027712350.0,2333192381.0,18294772530.0,88599060003.0,108991969223.0,1473290670631.0,892453016139.0,525897500876.0,366555515263.0,0.4107280816292393,0.5892719183707608,1.9060135620424337,1.8544830141623727,0.3638595814843016,0.0992758816439482,0.1684721069322794,0.073978591866274,46.71366583851364,0.1095849974714721,0.2668066839666287,0.0,0.0,False,False,False,False,False,False,False,False,False,False,False,False,5,0,Low
00155212,022100,포스코DX,일반서비스,2025,246949912811.0,145951092070.0,611989985049.0,251651441174.0,3606079773.0,13088704175.0,52623905401.0,60388586087.0,1075175363044.0,834391536739.0,572559763845.0,261831772894.0,0.3137996508417387,0.6862003491582613,2.4318954113433837,2.379884168674004,0.9813173000676392,0.0630685991934514,0.0919098908515793,0.0561662666042029,16.746325619069992,0.1749191903844225,0.5574231517314243,0.0,0.0,False,False,False,False,False,False,False,False,False,False,False,False,5,0,Low
00155276,003670,포스코퓨처엠,전기·전자,2019,210077042304.0,62778335158.0,649644634524.0,250654203754.0,6747291531.0,188389556557.0,101163401402.0,89854950156.0,1483769011914.0,1730132565095.0,1006317943236.0,723814621859.0,0.4183578972280982,0.5816421027719018,2.591796286654669,1.840204836220064,0.8381149773581148,0.0584714740609747,0.1005282695016751,0.0605585838728973,13.31718805140806,0.0362852745648151,0.0867326153162864,0.0,0.0,False,False,False,False,False,False,False,False,False,False,False,False,5,0,Low
00155276,003670,포스코퓨처엠,전기·전자,2020,121680352793.0,38284489711.0,810610645263.0,220646155831.0,44992082583.0,186576655314.0,29747509154.0,60269659752.0,1566235713095.0,2088053324226.0,1023617314136.0,1064436010090.0,0.5097743423217246,0.4902256576782753,3.67380361651926,2.8282114755127106,0.551472797405992,0.0142465275234418,0.0290611625489246,0.038480580699378,1.3395614581924808,0.0183350153306986,0.0359669245948969,0.0,0.0,False,False,False,False,False,False,False,False,False,False,False,False,5,0,Low
00155276,003670,포스코퓨처엠,전기·전자,2021,72279983706.0,103036995180.0,2084228054184.0,634649798414.0,34160853198.0,440557698562.0,133761698843.0,121675892582.0,1989542181862.0,3922480303898.0,2438429932291.0,1484050371607.0,0.3783448880883382,0.6216551119116617,3.284060058622124,2.5898855711126965,0.1138895559198613,0.0341013054189394,0.0548556663743565,0.0611577345236904,3.5618516866880743,0.0262683269760732,0.069429580795446,0.0,0.0,False,False,False,False,False,False,False,False,False,False,False,False,5,0,Low
00155276,003670,포스코퓨처엠,전기·전자,2022,281380444158.0,-60953571038.0,2037518471950.0,965792822766.0,175381126020.0,870133665539.0,121928567124.0,165871669943.0,3301915805063.0,4637476140189.0,2650644638841.0,1986831501348.0,0.4284294821767054,0.5715705178232945,2.1096848350090363,1.2087321202777703,0.2913465885490175,0.0262920095841249,0.0459995901892429,0.0502349786413876,0.9457783383377548,-0.0131436948019566,-0.0306787822704869,0.0,0.0,False,False,False,False,False,True,True,False,False,False,True,True,5,2,Moderate
00155276,003670,포스코퓨처엠,전기·전자,2023,389579199482.0,-444846366048.0,2411881410829.0,1396407813025.0,175792031699.0,916674470483.0,4435219953.0,35882185999.0,4759871486264.0,6334593297871.0,2611465990083.0,3723127307788.0,0.5877452794071736,0.4122547205928264,1.727204179418194,1.070752344980779,0.2789866941793066,0.0007001585965259,0.0016983640490983,0.0075384778985206,0.2041172495260723,-0.0702249292306593,-0.1194819111120575,0.0,0.0,False,False,False,False,False,True,True,False,False,False,True,True,5,2,Moderate
00155276,003670,포스코퓨처엠,전기·전자,2024,644216800470.0,670850270370.0,2112748442946.0,1570069945473.0,234809998536.0,768212453686.0,-231338259262.0,721245866.0,3699944235821.0,7932459834018.0,3320505865578.0,4611953968440.0,0.5814027508417806,0.4185972491582193,1.3456396952490626,0.8563541981914343,0.4103108924079958,-0.0291634958263408,-0.0696695830777371,0.0001949342530671,0.0030716147970565,0.0845702700558392,0.1454590125922085,0.0,0.0,False,False,False,True,False,True,False,False,False,True,True,False,5,2,Moderate
00155276,003670,포스코퓨처엠,전기·전자,2025,319841457995.0,-33577422254.0,2170138457850.0,1658340777683.0,158102893658.0,841132239882.0,36521891144.0,32827283494.0,2938698184392.0,9143896515830.0,4512079082909.0,4631817432921.0,0.5065474466932509,0.493452553306749,1.3086203312699536,0.8014071871433207,0.1928683551048391,0.003994127785761,0.0080942488978836,0.0111706890038426,0.2076324014980414,-0.0036721131080027,-0.0072492974389158,0.0,0.0,False,False,False,False,False,True,True,False,False,False,True,True,5,2,Moderate
00155319,005490,POSCO홀딩스,금속,2019,3514872380076.0,6004655014887.0,34842373721682.0,16323689974559.0,,10920319761897.0,1982637208513.0,3868854558550.0,64366847807959.0,79058661130791.0,47794706820275.0,31263954310516.0,0.3954526153534823,0.6045473846465177,2.134466764315236,1.465480782658106,0.2153233971947545,0.0250780519193591,0.0414823594580968,0.060106323213044,,0.0759518935560162,0.1920631969727279,0.0,0.0,False,False,False,False,False,,False,False,False,False,,False,4,,Insufficient data
00155319,005490,POSCO홀딩스,금속,2020,4754643963053.0,8685737215643.0,35830815052836.0,16854968422760.0,,9051790403012.0,1788152419240.0,2403035192908.0,57792795732820.0,79086973226376.0,47674592085081.0,31412381141295.0,0.3971878029948271,0.6028121970051729,2.125831040089763,1.5887911491820486,0.2820915378656299,0.0226099488486131,0.03750745084612,0.0415801859459679,,0.1098251312612663,0.2765068071908962,0.0,0.0,False,False,False,False,False,,False,False,False,False,,False,4,,Insufficient data
00155319,005490,POSCO홀딩스,금속,2021,4775166458482.0,6259365289022.0,46621630510895.0,21083623164990.0,,15215098404472.0,7195889963608.0,9238089232877.0,76332345050013.0,91471614111915.0,54804943351665.0,36666670760250.0,0.4008529981267034,0.5991470018732966,2.211272234665607,1.4896174087656104,0.2264869951959353,0.0786680112018562,0.1313000164498735,0.1210245699490065,,0.0684295926096122,0.1707099433692714,0.0,0.0,False,False,False,False,False,,False,False,False,False,,False,4,,Insufficient data
00155319,005490,POSCO홀딩스,금속,2022,8053107795977.0,6186764805543.0,47649465547079.0,23188189987105.0,,15472417124830.0,3560483538695.0,4850053015766.0,,98406780635254.0,58257400589250.0,40149380046004.0,0.4079940405206242,0.5920059594793757,2.054902326295281,1.387648127781544,0.3472935058948262,0.0361812825875482,0.0611164161579842,,,0.0628692938190339,0.1540936571985439,0.0,0.0,False,False,False,False,,,False,False,False,,,False,3,,Insufficient data
00155319,005490,POSCO홀딩스,금속,2023,6670878744312.0,6167694886590.0,46212298543978.0,21861518075074.0,4202996381280.0,13825514288591.0,1845849532200.0,3531422506439.0,77127197108585.0,100945394185079.0,59663897393468.0,41281496791611.0,0.4089487898370397,0.5910512101629604,2.1138650291933843,1.481451752077257,0.3051425212743109,0.0182856240950995,0.0309374615611698,0.0457869939376536,0.8402154525204526,0.0610993194526716,0.1494057959604644,0.0,0.0,False,False,False,False,False,True,False,False,False,False,True,False,5,1,Watch
00155319,005490,POSCO홀딩스,금속,2024,6767897520450.0,6663654759669.0,44029923444233.0,22779718796788.0,5080735126085.0,14143499793793.0,947580322052.0,2173573272904.0,72688143160111.0,103404198997805.0,61450367919684.0,41953831078121.0,0.4057265709201187,0.5942734290798812,1.9328563200016908,1.311975091398146,0.2971018905380119,0.0091638476119535,0.0154202546564162,0.0299027211097722,0.4278068466400971,0.0644427868911827,0.1588330454794653,0.0,0.0,False,False,False,False,False,True,False,False,False,False,True,False,5,1,Watch
00155319,005490,POSCO홀딩스,금속,2025,7049800440769.0,4571910292218.0,43483869368419.0,23131653619869.0,3910281587820.0,13624432729452.0,504403472266.0,1827063210829.0,69094886192787.0,105192437963565.0,62377691037383.0,42814746926182.0,0.4070135435116689,0.592986456488331,1.8798426642126616,1.2908474737542823,0.3047685460201407,0.0047950544928021,0.0080862799484468,0.0264428138101446,0.4672459437499477,0.0434623474911908,0.1067835411966943,0.0,0.0,False,False,False,False,False,True,False,False,False,False,True,False,5,1,Watch
00158501,012750,에스원,일반서비스,2019,200582005633.0,279831501105.0,733183785854.0,384081210878.0,859243791.0,41408117836.0,146641281537.0,196822006653.0,2151521516402.0,1794959719010.0,1327606477525.0,467353241485.0,0.2603697657030243,0.7396302342969757,1.9089290626270423,1.801118222983671,0.5222385265201455,0.0816961405785079,0.1104553826901907,0.091480380350621,229.0642175300863,0.1558984851533824,0.5987580191288379,0.0,0.0,False,False,False,False,False,False,False,False,False,False,False,False,5,0,Low
00158501,012750,에스원,일반서비스,2020,213172898180.0,346419033180.0,797744555439.0,412945796807.0,1357039454.0,43992867397.0,142089584874.0,204462688212.0,2223340509340.0,1906689693022.0,1384184652038.0,522505040984.0,0.274037795922554,0.7259622040774459,1.9318384194907905,1.8253041776189425,0.5162248891459995,0.0745216095697227,0.1026521892615951,0.0919619317657711,150.66819730946452,0.1816861099358777,0.6629965378470061,0.0,0.0,False,False,False,False,False,False,False,False,False,False,False,False,5,0,Low
00158501,012750,에스원,일반서비스,2021,218899850568.0,333298813818.0,864355191815.0,417273343011.0,1157435184.0,16080983712.0,128990896403.0,179664944147.0,2312489059004.0,1972972502257.0,1442895804503.0,530076697754.0,0.2686690752900073,0.7313309247099927,2.07143640084436,2.0328981525202248,0.5245958176682028,0.0653789630901797,0.0893972357535757,0.0776933164061682,155.22678645908522,0.1689323158010158,0.628774694738003,0.0,0.0,False,False,False,False,False,False,False,False,False,False,False,False,5,0,Low
00158501,012750,에스원,일반서비스,2022,238856121359.0,277448190365.0,950422185740.0,444737224516.0,1870793445.0,17702423813.0,151030832821.0,204138904290.0,2467960276573.0,2075658595502.0,1522989262567.0,552669332935.0,0.2662621560851323,0.7337378439148677,2.137042130382336,2.097237898046567,0.5370724737938073,0.0727628489330024,0.0991673654786228,0.0827156361582393,109.11889008142212,0.1336675457930493,0.5020148103597255,0.0,0.0,False,False,False,False,False,False,False,False,False,False,False,False,5,0,Low
00158501,012750,에스원,일반서비스,2023,241861776471.0,368354305337.0,1096505825046.0,469223945057.0,2090525892.0,16004323528.0,189480545869.0,212609320684.0,2620810541515.0,2179505358177.0,1597906768659.0,581598589518.0,0.2668488918074813,0.7331511081925187,2.3368496782763284,2.302741607499898,0.5154506265480959,0.0869374076820287,0.1185804763991433,0.0811234987482528,101.70135729847252,0.1690082127832445,0.6333480032031606,0.0,0.0,False,False,False,False,False,False,False,False,False,False,False,False,5,0,Low
00158501,012750,에스원,일반서비스,2024,213054477543.0,376613925478.0,1221725877876.0,496652905477.0,1661336412.0,16518436997.0,176718837100.0,209247073877.0,2804739466536.0,2322698505650.0,1660670981711.0,662027523939.0,0.2850251646214986,0.7149748353785014,2.459918918027105,2.4266593985219584,0.4289806325372772,0.0760834161946239,0.1064141175742864,0.0746048167302437,125.9510550455569,0.1621449897874738,0.5688795584165194,0.0,0.0,False,False,False,False,False,False,False,False,False,False,False,False,5,0,Low
00158501,012750,에스원,일반서비스,2025,217937111676.0,368598850300.0,1327702601377.0,512810149530.0,2788621069.0,13251006744.0,178563436607.0,234566491629.0,2889412422255.0,2431985312121.0,1756330800795.0,675654511326.0,0.2778201447017554,0.7221798552982446,2.5890723937384315,2.5632324084024454,0.4249859560614067,0.0734229091421896,0.1016684536456193,0.0811813813155603,84.11558466533268,0.1515629426143758,0.5455433866290769,0.0,0.0,False,False,False,False,False,False,False,False,False,False,False,False,5,0,Low
00159023,017670,SK텔레콤,통신,2019,1270824000000.0,3986082000000.0,8102294000000.0,7787722000000.0,429758000000.0,162882000000.0,861942000000.0,1109980000000.0,17743702000000.0,44611620000000.0,22823536000000.0,21788084000000.0,0.4883948173144127,0.5116051826855873,1.040393326829078,1.0194780964189527,0.1631830206573886,0.0193210199495109,0.0377654890986217,0.0625562805326644,2.5828024143820474,0.0893507565965997,0.1829477984388163,0.0,0.0,False,False,False,False,False,False,False,False,False,False,False,False,5,0,Low
00159023,017670,SK텔레콤,통신,2020,1369653000000.0,5821876000000.0,8775086000000.0,8177967000000.0,497193000000.0,171443000000.0,1500538000000.0,1349324000000.0,18624651000000.0,47906957000000.0,24396243000000.0,23510714000000.0,0.4907578245890258,0.5092421754109743,1.0730155795444027,1.0520515673394133,0.1674808665772312,0.0313219226176273,0.0615069295710819,0.0724482837289139,2.7138837433350838,0.121524646201177,0.2476265076424306,0.0,0.0,False,False,False,False,False,False,False,False,False,False,False,False,5,0,Low
00159023,017670,SK텔레콤,통신,2021,872731000000.0,5031279000000.0,6352665000000.0,6960435000000.0,315604000000.0,204637000000.0,2418989000000.0,1387162000000.0,16748585000000.0,30911277000000.0,12335138000000.0,18576139000000.0,0.6009502292642261,0.3990497707357738,0.9126821815015872,0.8832821511873898,0.1253845485231885,0.0782558740617542,0.196105548231402,0.0828226384497556,4.395261150048795,0.1627651617239883,0.2708463260314751,0.0,0.0,True,False,False,False,False,False,False,True,False,False,False,False,5,1,Watch
00159023,017670,SK텔레콤,통신,2022,1882291000000.0,5159317000000.0,7219196000000.0,8046541000000.0,456327000000.0,166355000000.0,947831000000.0,1612070000000.0,17304973000000.0,31308262000000.0,12155196000000.0,19153066000000.0,0.6117575609914085,0.3882424390085914,0.8971800429526178,0.876505942118483,0.2339254842546629,0.030274149360319,0.077977434506198,0.093156458550961,3.5327079046385594,0.164790910463187,0.2693729035340869,0.0,0.0,True,False,False,False,False,False,False,True,False,False,False,False,5,1,Watch
00159023,017670,SK텔레콤,통신,2023,1454978000000.0,4947205000000.0,6585602000000.0,6993980000000.0,527401000000.0,179809000000.0,1145937000000.0,1753204000000.0,17608511000000.0,30119227000000.0,12228399000000.0,17890828000000.0,0.5940002377883071,0.4059997622116928,0.941610070374808,0.9159009605403504,0.208032908301139,0.0380466935622219,0.0937111227724905,0.099565715692826,3.3242333632283594,0.1642540494150132,0.2765218580157386,0.0,0.0,True,False,False,False,False,False,False,True,False,False,False,False,5,1,Watch
00159023,017670,SK텔레콤,통신,2024,2023721000000.0,5087285000000.0,7476682000000.0,9224278000000.0,605919000000.0,209783000000.0,1387095000000.0,1823409000000.0,17940609000000.0,30515255000000.0,11827634000000.0,18687621000000.0,0.6124025835602553,0.3875974164397446,0.8105438712926909,0.7878013867318396,0.2193907208781001,0.0454557892437733,0.1172757797544293,0.1016358474787561,3.009327979482406,0.1667128457553443,0.2722275350083352,0.0,0.0,True,False,False,False,False,False,False,True,False,False,False,False,5,1,Watch
00159023,017670,SK텔레콤,통신,2025,1490024000000.0,3923847000000.0,6727130000000.0,6529775000000.0,481996000000.0,167640000000.0,375084000000.0,1073215000000.0,17099213000000.0,30107783000000.0,12955292000000.0,17152491000000.0,0.5697028904453044,0.4302971095546955,1.030223859168195,1.0045506927880363,0.2281891795659115,0.0124580411649705,0.0289521841730776,0.0627639997232621,2.2266056149843565,0.1303266666961164,0.2287625161849669,0.0,0.0,False,False,False,False,False,False,False,False,False,False,False,False,5,0,Low
00159193,015760,한국전력공사,전기·가스,2019,1810129000000.0,8213428000000.0,19483001000000.0,24231656000000.0,2782156000000.0,7050700000000.0,-2263535000000.0,-1276521000000.0,59172890000000.0,197597792000000.0,68889649000000.0,128708143000000.0,0.6513642773903061,0.3486357226096939,0.8040309337504626,0.5130603125102139,0.0747010026883841,-0.0114552646418235,-0.0328574035846807,-0.0215727337299226,-0.4588243793662181,0.0415663956406962,0.0638143617688587,0.0,0.0,True,False,False,True,True,True,False,True,False,True,True,False,5,3,High
00159193,015760,한국전력공사,전기·가스,2020,2029584000000.0,13208473000000.0,20561941000000.0,25881222000000.0,2896443000000.0,6742909000000.0,2092469000000.0,4086275000000.0,58569314000000.0,203142111000000.0,70666846000000.0,132475265000000.0,0.6521309852884221,0.3478690147115779,0.7944733444193632,0.5339404762263544,0.0784191720159117,0.010300518143183,0.0296103352341492,0.0697681895335158,1.4107907526576564,0.0650208513388934,0.0997052015710253,0.0,0.0,True,False,False,False,False,False,False,True,False,False,False,False,5,1,Watch
00159193,015760,한국전력공사,전기·가스,2021,2635238000000.0,4473186000000.0,22050845000000.0,31732220000000.0,3245777000000.0,7608182000000.0,-5229225000000.0,-5860143000000.0,60574819000000.0,211108870000000.0,65311849000000.0,145797021000000.0,0.6906247994222128,0.3093752005777871,0.6949039493612486,0.4551419030877764,0.0830461278788562,-0.0247702761139311,-0.0800654870450842,-0.0967422288129329,-1.8054669190150767,0.0211890007274445,0.0306809149413279,0.0,0.0,True,True,False,True,True,True,False,True,False,True,True,False,5,3,High
00159193,015760,한국전력공사,전기·가스,2022,3234780000000.0,-23477500000000.0,29750545000000.0,44518577000000.0,4746791000000.0,9930732000000.0,-24429108000000.0,-32655153000000.0,71257863000000.0,234804994000000.0,42000256000000.0,192804738000000.0,0.8211270753466172,0.1788729246533828,0.6682725955054672,0.4452032013512022,0.0726613521362104,-0.104039984771363,-0.5816418833256636,-0.4582673634206515,-6.879416641684878,-0.0999872259957128,-0.1217682731427481,0.0,0.0,True,True,True,True,True,True,True,True,True,True,True,True,5,5,High
00159193,015760,한국전력공사,전기·가스,2023,4342887000000.0,1522162000000.0,29536215000000.0,61248421000000.0,5347018000000.0,8875615000000.0,-4716144000000.0,-4541648000000.0,88219461000000.0,239714965000000.0,37264750000000.0,202450215000000.0,0.8445455835433553,0.1554544164566446,0.4822363502236245,0.3373246144582241,0.0709061054814784,-0.0196739657033927,-0.1265577791344367,-0.0514812485648716,-0.8493795981236645,0.0063498830788474,0.0075186978685105,0.0,0.0,True,True,True,True,True,True,False,True,True,True,True,False,5,4,High
00159193,015760,한국전력공사,전기·가스,2024,2382979000000.0,15876116000000.0,29255205000000.0,63968789000000.0,7535228000000.0,9769236000000.0,3621968000000.0,8364710000000.0,93398896000000.0,246807795000000.0,41362833000000.0,205444962000000.0,0.8324087251782303,0.1675912748217697,0.4573356078383788,0.3046168186801222,0.0372522137319185,0.0146752577243356,0.0875657622387712,0.0895589815108735,1.110080544344511,0.0643258289309703,0.0772767355570393,0.0,0.0,True,True,True,False,False,False,False,True,True,False,False,False,5,2,Moderate
00159193,015760,한국전력공사,전기·가스,2025,2240811000000.0,20880154000000.0,30715388000000.0,67107317000000.0,5038751000000.0,10152724000000.0,8666656000000.0,13490557000000.0,97429346000000.0,254927457000000.0,49322944000000.0,205604513000000.0,0.8065216490195484,0.1934783509804516,0.4577054987908397,0.3064146343386072,0.0333914556590006,0.0339965576952348,0.1757124635544869,0.1384650267487169,2.67736131434159,0.0819062577476697,0.1015549400902498,0.0,0.0,True,True,True,False,False,False,False,True,True,False,False,False,5,2,Moderate
00159616,034020,두산에너빌리티,기계·장비,2019,1441280687215.0,433679709050.0,9312488787816.0,13873692190568.0,1069702595070.0,2201708429106.0,-223649869387.0,918350222787.0,15570428849347.0,24774211975046.0,5986101921091.0,18788110053955.0,0.7583736698821927,0.2416263301178073,0.6712336312425236,0.5125369844621642,0.1038858774879589,-0.0090275270758267,-0.0373615204577469,0.0589804064918555,0.8585098578048269,0.0175052877357643,0.0230826681238599,0.0,0.0,True,False,True,True,False,True,False,True,True,True,True,False,5,4,High
00159616,034020,두산에너빌리티,기계·장비,2020,2336795020568.0,295223700800.0,9946795870391.0,13070548146216.0,1182357933837.0,1958721611748.0,-622554709114.0,409236133151.0,15243824665369.0,25567174291104.0,7106496680985.0,18460677610119.0,0.7220460657845291,0.2779539342154709,0.7610083187881187,0.6111506701389255,0.1787832456930672,-0.0243497659156888,-0.0876036023178315,0.0268460273018427,0.3461186510779716,0.0115469819792608,0.0159920294929031,0.0,0.0,True,False,False,True,False,True,False,True,False,True,True,False,5,3,High
00159616,034020,두산에너빌리티,기계·장비,2021,1908603989132.0,1027716202327.0,8417624107978.0,10125765540983.0,989576905469.0,1788420159139.0,645821146630.0,877882794101.0,11283610608993.0,23720545628641.0,8807595644721.0,14912949983920.0,0.6286933790390383,0.3713066209609617,0.8313074279577705,0.6546866922809911,0.1884898461659141,0.0272262348742186,0.0733254764047989,0.0778015853720909,0.8871294279901736,0.0433259933568349,0.0689143464864525,0.0,0.0,True,False,False,False,False,True,False,True,False,False,True,False,5,2,Moderate
00159616,034020,두산에너빌리티,기계·장비,2022,1395837596356.0,625077721382.0,8098893728490.0,8059455534052.0,1224618520375.0,2459025995764.0,-453149865549.0,1106120868237.0,15421058082388.0,23049781799921.0,10080290283869.0,12969491516052.0,0.5626730712087024,0.4373269287912976,1.0048934067904922,0.6997827221574706,0.1731925426548291,-0.019659616281077,-0.0449540492176255,0.0717279490374446,0.9032370896189664,0.0271185960373881,0.0481960083483888,0.0,0.0,False,False,False,True,False,True,False,False,False,True,True,False,5,2,Moderate
00159616,034020,두산에너빌리티,기계·장비,2023,2620186984799.0,2070633291076.0,9641568243182.0,9596749583047.0,863062495443.0,2539004351527.0,517521903042.0,1467318338124.0,17589887709510.0,24640833945624.0,10841508936525.0,13799325009099.0,0.5600185870149756,0.4399814129850243,1.0046701916880454,0.7401009925487617,0.2730285876613529,0.0210026131495402,0.0477352281930489,0.0834182890963364,1.700129881522476,0.0840325979082265,0.1500532301189127,0.0,0.0,False,False,False,False,False,False,False,False,False,False,False,False,5,0,Low
00159616,034020,두산에너빌리티,기계·장비,2024,2898298000000.0,242204000000.0,10049022000000.0,8945820000000.0,1337056000000.0,2733933000000.0,394689000000.0,1017600000000.0,16233055000000.0,26314835000000.0,11661092000000.0,14653743000000.0,0.5568624314003869,0.4431375685996131,1.123320388740216,0.8177102825677244,0.3239834917313337,0.0149987260037921,0.0338466586148192,0.0626869064387448,0.7610750783811598,0.0092040858321931,0.016528473305421,0.0,0.0,False,False,False,False,False,True,False,False,False,False,True,False,5,1,Watch
00159616,034020,두산에너빌리티,기계·장비,2025,3080997000000.0,751801000000.0,10771711000000.0,10107067000000.0,1220553000000.0,2544025000000.0,205163000000.0,762712000000.0,17057876000000.0,27513223000000.0,12009370000000.0,15503853000000.0,0.5635055187827323,0.4364944812172678,1.0657603239396751,0.8140527810887175,0.3048359133267841,0.0074568871847547,0.017083577240105,0.0447131870345405,0.624890520936002,0.0273250792900562,0.0484912363397666,0.0,0.0,False,False,False,False,False,True,False,False,False,False,True,False,5,1,Watch
00160588,000880,한화,화학,2019,3512676000000.0,2517921000000.0,15242686000000.0,16002711000000.0,496860000000.0,3915788000000.0,231054000000.0,1125717000000.0,50412399000000.0,182286178000000.0,18263971000000.0,164022207000000.0,0.8998060566062228,0.1001939433937772,0.9525064846825017,0.7078111952406064,0.2195050576118009,0.0012675343930904,0.0126508085235133,0.0223301612763955,2.265662359618404,0.0138130110995031,0.0153510981595315,0.0,0.0,True,False,True,False,False,False,False,True,True,False,False,False,5,2,Moderate
00160588,000880,한화,화학,2020,4279157000000.0,3442933000000.0,14953767000000.0,15652116000000.0,461449000000.0,4114372000000.0,740501000000.0,1582045000000.0,50926451000000.0,191178338000000.0,18507198000000.0,172671140000000.0,0.9031940637542314,0.0968059362457686,0.9553830932507784,0.6925194650997987,0.2733915976600224,0.0038733520112514,0.0400115133582079,0.031065290609,3.4284287104317053,0.0180090120879699,0.0199392498364231,0.0,0.0,True,False,True,False,False,False,False,True,True,False,False,False,5,2,Moderate
00160588,000880,한화,화학,2021,5496492000000.0,7228121000000.0,17634712000000.0,16468961000000.0,398321000000.0,5166955000000.0,2162057000000.0,2927888000000.0,52836069000000.0,202366402000000.0,21047257000000.0,181319145000000.0,0.8959943113481852,0.1040056886518148,1.070784732564489,0.757045754131059,0.3337485588799439,0.0106838733042256,0.1027239321494482,0.0554145691648634,7.350574034509855,0.03571798939233,0.0398640805415225,0.0,0.0,False,False,True,False,False,False,False,False,True,False,False,False,5,1,Watch
00160588,000880,한화,화학,2022,6673028000000.0,1873139000000.0,22353201000000.0,21094631000000.0,547445000000.0,6557534000000.0,2243337000000.0,2516091000000.0,62278395000000.0,211175324000000.0,20878827000000.0,190296497000000.0,0.901130365970221,0.0988696340297789,1.0596630488582617,0.7488003464009396,0.316337744898216,0.0106231019681068,0.1074455475875153,0.0404007039680454,4.596061704828796,0.008870065709003,0.0098432657959016,0.0,0.0,False,False,True,False,False,False,False,False,True,False,False,False,5,1,Watch
00160588,000880,한화,화학,2023,,3793385000000.0,23053899000000.0,26074591000000.0,902887000000.0,7749659000000.0,1635515000000.0,2411920000000.0,53134813000000.0,209738149000000.0,,176539410000000.0,0.8417133975946359,,0.8841518933125355,0.5869407500965211,,0.0077978899298858,,0.0453924623767848,2.671342039480024,0.0180862900625674,0.0214874684355181,,,True,False,True,False,False,False,False,True,True,False,False,False,5,2,Moderate
00160588,000880,한화,화학,2024,8844332000000.0,6880953000000.0,83191377000000.0,58787318000000.0,1192628000000.0,13350377000000.0,1690434000000.0,2416109000000.0,55646829000000.0,252036985000000.0,39561774000000.0,212475211000000.0,0.8430318708978367,0.1569681291021633,1.4151245511829609,1.1880283431198546,0.1504462578136325,0.0067070870570841,0.0427289736805028,0.0434186285798962,2.025869759891601,0.0273013621393701,0.0323847331065834,0.0,0.0,False,False,True,False,False,False,False,False,True,False,False,False,5,1,Watch
00160588,000880,한화,화학,2025,14684582000000.0,8320196000000.0,105998953000000.0,79882340000000.0,1597878000000.0,16070205000000.0,1991600000000.0,4146883000000.0,74785440000000.0,289329420000000.0,48435327000000.0,240894093000000.0,0.8325945318661337,0.1674054681338662,1.3269385073096256,1.1257650689751952,0.1838276395007958,0.0068835032400092,0.0411187478924215,0.0554504058544016,2.595243817112445,0.028756826734039,0.0345388128715966,0.0,0.0,False,False,True,False,False,False,False,False,True,False,False,False,5,1,Watch
00160843,000990,DB하이텍,전기·전자,2019,84776806585.0,161078351164.0,426263421167.0,219715556191.0,19925314170.0,51837841227.0,104637012339.0,181292187959.0,807416422918.0,1088889809571.0,644650729765.0,444239079806.0,0.4079743201757219,0.5920256798242781,1.940069372222542,1.7041377790041852,0.3858479939003638,0.0960951341625878,0.1623158208122159,0.2245336889529825,9.098586170950195,0.1479289729302008,0.3625938340101532,0.0,0.0,False,False,False,False,False,False,False,False,False,False,False,False,5,0,Low
00160843,000990,DB하이텍,전기·전자,2020,48293560140.0,309982629774.0,459208127449.0,261704001422.0,15858852387.0,51848769524.0,166025591077.0,239335181312.0,935919766484.0,1178581197181.0,794584512577.0,383996684604.0,0.3258126682510003,0.6741873317489996,1.754685159393199,1.5565652634715716,0.1845350467611926,0.1408690308941885,0.2089464222484592,0.255721900405115,15.091582636092292,0.2630133846657614,0.8072534014028594,0.0,0.0,False,False,False,False,False,False,False,False,False,False,False,False,5,0,Low
00160843,000990,DB하이텍,전기·전자,2021,183017846365.0,393129114790.0,815161899425.0,335336853432.0,6281633675.0,66017137668.0,316891852008.0,399106778303.0,1214682040178.0,1549937895854.0,1106049706046.0,443888189808.0,0.2863909521764561,0.7136090478235438,2.430874778844728,2.234006653578004,0.5457731367486353,0.2044545480536146,0.2865077855685634,0.3285689300588611,63.53550667740904,0.2536418496777187,0.8856489625462768,0.0,0.0,False,False,False,False,False,False,False,False,False,False,False,False,5,0,Low
00160843,000990,DB하이텍,전기·전자,2022,151311289546.0,730063433619.0,1327724119744.0,404353962296.0,19677408149.0,73768604576.0,558836662217.0,768746685740.0,1675287533666.0,2122700474808.0,1638284078393.0,484416396415.0,0.2282076073209602,0.7717923926790398,3.283568960731646,3.1011332448624915,0.3742050373064857,0.2632668475129762,0.3411109645679797,0.4588744739583695,39.06747676924451,0.3439314412387997,1.5070989318733834,0.0,0.0,False,False,False,False,False,False,False,False,False,False,False,False,5,0,Low
00160843,000990,DB하이텍,전기·전자,2023,253329763803.0,224258155766.0,1027982955095.0,220150412233.0,10636467274.0,81645551677.0,264149250979.0,265437456373.0,1154223638940.0,2043378694132.0,1740082437747.0,303296256385.0,0.148428804340566,0.851571195659434,4.669457325417208,4.298594737203705,1.150712193692756,0.1292708256856946,0.151802722244017,0.2299705597927008,24.955415133165577,0.1097487002335912,0.7394029799079678,0.0,0.0,False,False,False,False,False,False,False,False,False,False,False,False,5,0,Low
00160843,000990,DB하이텍,전기·전자,2024,297054100758.0,382634373825.0,1194370198832.0,316866668877.0,13484106457.0,70392571642.0,229385888355.0,190838683363.0,1131167709804.0,2396851168578.0,2000688804317.0,396162364261.0,0.1652845072128673,0.8347154927871326,3.769314718600541,3.54716269519121,0.9374734862798372,0.0957030170926673,0.1146534572793335,0.1687094510468894,14.152860923456297,0.1596404394403882,0.965852408869694,0.0,0.0,False,False,False,False,False,False,False,False,False,False,False,False,5,0,Low
00160843,000990,DB하이텍,전기·전자,2025,323054472680.0,356967025481.0,1435680643640.0,579178189189.0,30554636239.0,97482503602.0,252582440798.0,277294561174.0,1397233307039.0,2992581747645.0,2243995457046.0,748586290599.0,0.2501473155037776,0.7498526844962224,2.4788237375622275,2.31051197199229,0.5577807982243949,0.0844028541565384,0.1125592478384515,0.1984597416745234,9.075367777413126,0.1192839680192241,0.4768548796096225,0.0,0.0,False,False,False,False,False,False,False,False,False,False,False,False,5,0,Low
00161383,042700,한미반도체,기계·장비,2019,47806100487.0,27170525034.0,129499857299.0,31765712250.0,2904575712.0,38941744979.0,19262572161.0,13725362614.0,120377520384.0,257474681329.0,219705201804.0,37769479525.0,0.1466920138712137,0.8533079861287863,4.076718201053401,2.850813216694047,1.5049591871499748,0.0748134615084206,0.0876746294709227,0.1140193166482959,4.725427730217143,0.105526978007137,0.7193777985745224,0.0,0.0,False,False,False,False,False,False,False,False,False,False,False,False,5,0,Low
00161383,042700,한미반도체,기계·장비,2020,81154267884.0,37483996929.0,208937098511.0,67572880984.0,12093396915.0,48281340155.0,50131485364.0,66649466315.0,257385897660.0,326966868038.0,257090542803.0,69876325235.0,0.2137107213776748,0.7862892786223251,3.092025905488215,2.3775182590489266,1.2009887206557883,0.153322829511196,0.1949954471970371,0.2589476226978146,5.511227886048426,0.1146415756248538,0.5364334315369067,0.0,0.0,False,False,False,False,False,False,False,False,False,False,False,False,5,0,Low
00161383,042700,한미반도체,기계·장비,2021,49608464797.0,52279090690.0,249783839880.0,80692131621.0,5525202196.0,85821570853.0,104438304265.0,122419465500.0,373169401913.0,429285683427.0,346812042277.0,82473641150.0,0.1921183126621194,0.8078816873378806,3.0955166862266177,2.031948663806634,0.6147868918620744,0.2432839209341108,0.3011380561623773,0.3280533314693916,22.15655846742156,0.1217815844047127,0.6338884758939736,0.0,0.0,False,False,False,False,False,False,False,False,False,False,False,False,5,0,Low
00161383,042700,한미반도체,기계·장비,2022,90895691895.0,109501808221.0,266177446666.0,63044830709.0,9567800296.0,80082209631.0,92259257411.0,111859422080.0,327592058714.0,455432965985.0,390096755786.0,65336210199.0,0.1434595540480745,0.8565404459519255,4.222034442357566,2.951792160311628,1.4417628039093795,0.2025748338429208,0.236503523914492,0.3414595046019031,11.69123713072951,0.240434523627801,1.6759742857365176,0.0,0.0,False,False,False,False,False,False,False,False,False,False,False,False,5,0,Low
00161383,042700,한미반도체,기계·장비,2023,179732421459.0,44990807438.0,319391328603.0,105009650585.0,10157405048.0,95433336170.0,267167515858.0,34571410992.0,159008528366.0,723839103741.0,571898625127.0,151940478614.0,0.2099091881451689,0.7900908118548311,3.041542627974644,2.132737240675964,1.711580035336997,0.3690979314010595,0.4671588706803952,0.2174185960165909,3.4035672328344466,0.0621558122592094,0.2961081065980958,0.0,0.0,False,False,False,False,False,False,False,False,False,False,False,False,5,0,Low
00161383,042700,한미반도체,기계·장비,2024,103966003566.0,141363819580.0,407791209288.0,160040613379.0,6078237057.0,153401207241.0,152614498001.0,255391604854.0,558917191547.0,710872366678.0,540887863389.0,169984503289.0,0.2391209888820969,0.760879011117903,2.548048277734913,1.589534035617363,0.6496226262254633,0.2146862153528173,0.2821555230409034,0.4569399702075971,42.01738143132774,0.1988596352965747,0.8316276886702996,0.0,0.0,False,False,False,False,False,False,False,False,False,False,False,False,5,0,Low
00161383,042700,한미반도체,기계·장비,2025,276235377529.0,228626759780.0,493274637718.0,120120329892.0,10309063583.0,150384035752.0,214007548411.0,251390142142.0,576684619527.0,813331626120.0,690327519537.0,123004106583.0,0.1512348747211409,0.8487651252788592,4.106504187605066,2.854559276304789,2.299655501923469,0.263124587238693,0.3100087166661616,0.4359230914606178,24.385351794371605,0.2810990651754984,1.8586920886720848,0.0,0.0,False,False,False,False,False,False,False,False,False,False,False,False,5,0,Low
00162461,009830,한화솔루션,화학,2019,1084516315974.0,1206117680069.0,5322649532271.0,5831012387511.0,,1479891972739.0,-248864999187.0,378325667351.0,9503286226445.0,15681128868341.0,5805847209929.0,9875281658412.0,0.6297557874388392,0.3702442125611608,0.9128173940551346,0.6590206475572765,0.1859910842063794,-0.0158703497226809,-0.0428645450333928,0.0398099834453291,,0.0769152329654059,0.1221350156672848,0.0,0.0,True,False,False,True,False,,False,True,False,True,,False,4,,Insufficient data
00162461,009830,한화솔루션,화학,2020,1199836790880.0,1069541687095.0,4958364766066.0,5251125587174.0,,1431588395266.0,301722374169.0,594183118076.0,9195008128360.0,15137319821657.0,5967715490499.0,9169604331158.0,0.6057614187446199,0.3942385812553802,0.9442479871700126,0.6716229334553026,0.2284913531321037,0.0199323511509167,0.0505591083638893,0.0646201841022164,,0.0706559483248021,0.1166398950782133,0.0,0.0,True,False,False,False,False,,False,True,False,False,,False,4,,Insufficient data
00162461,009830,한화솔루션,화학,2021,1567162571367.0,990890683781.0,6073959931089.0,5787889702101.0,,2231502356819.0,616328220396.0,738347655292.0,10725192384822.0,20007572194182.0,8201247119233.0,11806325074949.0,0.5900928388693837,0.4099071611306163,1.0494256531675366,0.6638788525764737,0.2707657975579806,0.0308047480431045,0.0751505486221271,0.0688423693300727,,0.049525783246662,0.0839287989692491,0.0,0.0,False,False,False,False,False,,False,False,False,False,,False,4,,Insufficient data
00162461,009830,한화솔루션,화학,2022,2548379660490.0,115716723309.0,8573295434667.0,6808491430423.0,,3060107831877.0,366023151112.0,966247380110.0,13653948104906.0,23831697412977.0,9896911559334.0,13934785853643.0,0.5847164644703459,0.4152835355296541,1.259206319384962,0.8097517135961901,0.3742943185773641,0.0153586689512384,0.0369835729982648,0.0707668853496533,,0.0048555804189587,0.0083041622974599,0.0,0.0,False,False,False,False,False,,False,False,False,False,,False,4,,Insufficient data
00162461,009830,한화솔루션,화학,2023,,517954151584.0,8704888457154.0,7688753631478.0,416136599344.0,3296696682103.0,-155257718254.0,604528962904.0,13288744762930.0,24492909473815.0,9010546154819.0,15482363318996.0,0.6321161369394666,0.3678838630605334,1.1321585882939351,0.7033899165281733,,-0.0063388842562776,-0.0172306667749507,0.0454918033033775,1.452717602481932,0.0211471059466306,0.0334544630501274,0.0,0.0,False,False,False,True,False,False,False,False,False,True,False,False,5,1,Watch
00162461,009830,한화솔루션,화학,2024,2184380593410.0,638486498245.0,10882665025254.0,11707552341331.0,548420217797.0,4257547714652.0,-1368980474463.0,-300237959946.0,12394023649010.0,30036831374114.0,10606856154462.0,19429975219652.0,0.6468716682411754,0.3531283317588246,0.92954229099067,0.5658840650417974,0.186578759566892,-0.0455767273655502,-0.1290656208142418,-0.0242244139956907,-0.5474596854799658,0.0212567860535133,0.0328609013149547,0.0,0.0,True,False,False,True,True,True,False,True,False,True,True,False,5,3,High
00162461,009830,한화솔루션,화학,2025,2470461000000.0,-655006000000.0,12636722000000.0,12735854000000.0,539445000000.0,5679939000000.0,-615282000000.0,-364759000000.0,13333055000000.0,33144011000000.0,11185039000000.0,21958972000000.0,0.6625321238277407,0.3374678761722593,0.992216305243449,0.5462360827942908,0.1939768624860178,-0.0185638968077822,-0.0550093745761637,-0.0273574960877308,-0.6761745868438859,-0.0197624240469869,-0.0298286276789277,0.0,0.0,True,False,False,True,True,True,True,True,False,True,True,True,5,4,High
00164478,000720,현대건설,건설,2019,2586007000000.0,478916000000.0,13171993000000.0,6770867000000.0,148370000000.0,1723425000000.0,573331000000.0,859667000000.0,17278792000000.0,18226972000000.0,8714982000000.0,9511990000000.0,0.5218634230633591,0.4781365769366409,1.945392369987477,1.6908570202309394,0.3819314424578123,0.0314550875482773,0.065786825492009,0.0497527257692551,5.79407562175642,0.0262751267736626,0.05034866521096,0.0,0.0,False,False,False,False,False,False,False,False,False,False,False,False,5,0,Low
00164478,000720,현대건설,건설,2020,3186842000000.0,1729721000000.0,13398943000000.0,6467725000000.0,204790000000.0,1125479000000.0,227697000000.0,548972000000.0,16970859000000.0,17939274000000.0,8766378000000.0,9172896000000.0,0.5113303916312333,0.4886696083687668,2.071662446996432,1.8976477818707504,0.4927299784700184,0.0126926541174408,0.0259738970872577,0.0323479206326562,2.6806582352653936,0.0964209030978622,0.1885686919376389,0.0,0.0,False,False,False,False,False,False,False,False,False,False,False,False,5,0,Low
00164478,000720,현대건설,건설,2021,2926856000000.0,1009401000000.0,14526404000000.0,7613217000000.0,125910000000.0,718247000000.0,554377000000.0,753504000000.0,18065534000000.0,19637264000000.0,9429291000000.0,10207973000000.0,0.5198266418376817,0.4801733581623183,1.9080506965715016,1.8137085807484536,0.3844440530198995,0.0282308675994782,0.058793073625578,0.0417094783912836,5.984465094114844,0.051402323663826,0.0988835883480491,0.0,0.0,False,False,False,False,False,False,False,False,False,False,False,False,5,0,Low
00164478,000720,현대건설,건설,2022,3973897000000.0,-143474000000.0,15516744000000.0,8757397000000.0,176777000000.0,855394000000.0,470876000000.0,574902000000.0,21239082000000.0,20911708000000.0,9924277000000.0,10987431000000.0,0.5254200661179852,0.4745799338820148,1.7718443048773511,1.674167563717849,0.4537760478370456,0.0225173381342164,0.047446882024756,0.0270681190458231,3.2521312161649987,-0.006860941248797,-0.0130580114678308,0.0,0.0,False,False,False,False,False,False,True,False,False,False,False,True,5,1,Watch
00164478,000720,현대건설,건설,2023,4205665000000.0,-714716000000.0,18613430000000.0,10356647000000.0,141179000000.0,815625000000.0,654281000000.0,785430000000.0,29651357000000.0,23714495000000.0,10455515000000.0,13258980000000.0,0.5591086801553228,0.4408913198446773,1.797244803264995,1.7184910328603455,0.4060836485012958,0.0275899191612555,0.0625775966081058,0.0264888382680091,5.563362823082753,-0.0301383605259146,-0.0539042973139713,0.0,0.0,False,False,False,False,False,False,True,False,False,False,False,True,5,1,Watch
00164478,000720,현대건설,건설,2024,5130372000000.0,-118800000000.0,21100663000000.0,14663775000000.0,171771000000.0,776511000000.0,-766221000000.0,-1263420000000.0,32670268000000.0,27005385000000.0,9669413000000.0,17335972000000.0,0.6419450046722163,0.3580549953277837,1.4389652732669451,1.38601090101287,0.3498670703826266,-0.0283728967389281,-0.0792417285309873,-0.0386718590738221,-7.355257872399881,-0.0043991226194331,-0.0068528029463822,0.0,0.0,False,False,False,True,True,True,True,False,False,True,True,True,5,3,High
00164478,000720,현대건설,건설,2025,4812659000000.0,-748259000000.0,21958006000000.0,14842910000000.0,202810000000.0,747044000000.0,559068000000.0,653006000000.0,31062912000000.0,27791708000000.0,10112865000000.0,17678843000000.0,0.6361193417835277,0.3638806582164723,1.4793599098829002,1.4290298869965523,0.3242395864422812,0.020116359886913,0.0552828501122085,0.0210220471280992,3.219791923475174,-0.0269238220263396,-0.0423251114340457,0.0,0.0,False,False,False,False,False,False,True,False,False,False,False,True,5,1,Watch
00164645,011200,HMM,운송·창고,2019,645092000000.0,399331000000.0,1427203000000.0,1683674000000.0,419462000000.0,135256000000.0,-589837000000.0,-299695000000.0,5513089000000.0,7160187000000.0,1090309000000.0,6069878000000.0,0.8477261836876606,0.1522738163123393,0.8476718177034271,0.7673379763540923,0.3831454307662885,-0.0823773177991021,-0.5409815015743243,-0.0543606315805893,-0.7144747319185051,0.055771029443784,0.0657889664339217,0.0,0.0,True,False,True,True,True,True,False,True,True,True,True,False,5,4,High
00164645,011200,HMM,운송·창고,2020,1140700000000.0,1408546000000.0,2237239000000.0,2880669000000.0,1184686000000.0,152966000000.0,123966000000.0,980781000000.0,6413270000000.0,9373360000000.0,1688548000000.0,7684812000000.0,0.8198567002654331,0.1801432997345669,0.776638690526402,0.7235378309691256,0.3959844050114747,0.0132253535551819,0.0734157394400396,0.1529299405763362,0.8278826625789449,0.1502711941075558,0.1832895847029179,0.0,0.0,True,False,True,False,False,True,False,True,True,False,True,False,5,3,High
00164645,011200,HMM,운송·창고,2021,1724952000000.0,7505033000000.0,8768021000000.0,2524663000000.0,2431773000000.0,254153000000.0,5337151000000.0,7377522000000.0,13794148000000.0,17876100000000.0,10358294000000.0,7517806000000.0,0.4205506793987503,0.5794493206012498,3.4729470824422903,3.3722789932755384,0.6832404958602396,0.2985635009873518,0.5152538632326906,0.5348298423360399,3.0338037308581023,0.4198361499432202,0.998300967064061,0.0,0.0,False,False,False,False,False,False,False,False,False,False,False,False,5,0,Low
00164645,011200,HMM,운송·창고,2022,4980161000000.0,11318868000000.0,14280104000000.0,2051767000000.0,1653282000000.0,325192000000.0,10085439000000.0,9951555000000.0,18582770000000.0,25973455000000.0,20687912000000.0,5285543000000.0,0.2034978788921227,0.7965021211078772,6.9599052913903,6.801411661265632,2.4272546541590736,0.3882979372594058,0.4875039588335449,0.5355259199785608,6.019272574188795,0.4357859976656937,2.1414768548851084,0.0,0.0,False,False,False,False,False,False,False,False,False,False,False,False,5,0,Low
00164645,011200,HMM,운송·창고,2023,3249802000000.0,1979706000000.0,13179709000000.0,2001371000000.0,862500000000.0,362398000000.0,968692000000.0,584770000000.0,8400969000000.0,25713363000000.0,21440813000000.0,4272550000000.0,0.1661606846214554,0.8338393153785446,6.585340249259133,6.404265376084694,1.623787893399075,0.0376727073778719,0.045179816642214,0.0696074464743293,0.6779942028985507,0.0769913293722023,0.4633546710980561,0.0,0.0,False,False,False,False,False,True,False,False,False,False,True,False,5,1,Watch
00164645,011200,HMM,운송·창고,2024,1471825000000.0,4874617000000.0,17996844000000.0,2357189000000.0,1138471000000.0,401842000000.0,3782129000000.0,3512847000000.0,11700224000000.0,33848562000000.0,27855544000000.0,5993018000000.0,0.1770538435281239,0.8229461564718761,7.634875268805344,7.464400181741897,0.62439838298923,0.1117367703833326,0.1357765262096479,0.3002375851949501,3.085583207653072,0.1440125285085966,0.8133826729704466,0.0,0.0,False,False,False,False,False,False,False,False,False,False,False,False,5,0,Low
00164645,011200,HMM,운송·창고,2025,1760767000000.0,3305131000000.0,15117543000000.0,2601963000000.0,291143000000.0,371675000000.0,1878732000000.0,1461202000000.0,10891443000000.0,33563133000000.0,26571277000000.0,6991856000000.0,0.2083195272622493,0.7916804727377507,5.810053025350475,5.667208949550782,0.6767071630150006,0.0559760615911512,0.0707053710666596,0.1341605515449146,5.0188464088094165,0.0984750440311993,0.4727115375373864,0.0,0.0,False,False,False,False,False,False,False,False,False,False,False,False,5,0,Low
00164724,017800,현대엘리베이터,기계·장비,2019,260934544124.0,,985979787860.0,934648044762.0,28472701496.0,45187421808.0,43590611382.0,136203383746.0,1872538463037.0,2547731188376.0,948178834603.0,1599552353773.0,0.6278340356592339,0.3721659643407661,1.0549209334847227,1.0065739412011123,0.2791794682354946,0.0171095803124292,0.0459729850437457,0.0727372956201374,4.783648076566763,,,0.0,0.0,False,False,False,False,False,False,,False,False,False,False,,4,,Insufficient data
00164724,017800,현대엘리베이터,기계·장비,2020,437195784663.0,,1192301378333.0,929841614933.0,29025933891.0,50719657353.0,97931138698.0,150017406805.0,1821184670810.0,2626221534995.0,1025378478857.0,1600843056138.0,0.6095613164412833,0.3904386835587167,1.2822628705630814,1.2277163149578512,0.4701830695053396,0.0372897477966139,0.0955073084888273,0.0823735281816738,5.168392078902775,,,0.0,0.0,False,False,False,False,False,False,,False,False,False,False,,4,,Insufficient data
00164724,017800,현대엘리베이터,기계·장비,2021,361877198553.0,,1131485065999.0,1082405519703.0,26940347354.0,60560979755.0,112347037299.0,129001779541.0,1973426415772.0,2987393730479.0,1136202156654.0,1851191573825.0,0.6196677575299655,0.3803322424700345,1.0453430303177564,0.9893926691521766,0.3343268229566078,0.0376070405962143,0.0988794438041295,0.0653694399294512,4.788423023871899,,,0.0,0.0,False,False,False,False,False,False,,False,False,False,False,,4,,Insufficient data
00164724,017800,현대엘리베이터,기계·장비,2022,183397560807.0,,1096309420548.0,1222898677886.0,39841188205.0,76048250911.0,78232444324.0,43016096622.0,2129301101267.0,3014471063421.0,1166752024073.0,1847719039348.0,0.6129496686065711,0.3870503313934288,0.8964842634740334,0.8342973854552731,0.1499695470470502,0.0259522956691503,0.0670514751291361,0.0202019792299004,1.0796890996489297,,,0.0,0.0,True,False,False,False,False,False,,True,False,False,False,,4,,Insufficient data
00164724,017800,현대엘리베이터,기계·장비,2023,387608846000.0,49432567000.0,1345816746000.0,1333818957000.0,52866376000.0,73555092000.0,309851270000.0,82620343000.0,2602099212000.0,3535433379000.0,1371566725000.0,2163866654000.0,0.6120513164957591,0.3879486835042409,1.008995065587451,0.9538488318246328,0.2906007925331953,0.0876416656131819,0.2259104601710135,0.0317514192460391,1.5628145761305825,0.0139820388905141,0.02284455324852,0.0,0.0,False,False,False,False,False,False,False,False,False,False,False,False,5,0,Low
00164724,017800,현대엘리베이터,기계·장비,2024,452159539141.0,256446417749.0,1536223960141.0,1638004530402.0,76759986730.0,72041317985.0,193928194856.0,225738463277.0,2885296849309.0,3573751146561.0,1342280676829.0,2231470469732.0,0.6244056673837883,0.3755943326162116,0.9378630715776952,0.8938819246102204,0.2760429112061312,0.0542646051453851,0.1444766345844562,0.07823751768594,2.940835100337178,0.0717583310174735,0.1149226132397796,0.0,0.0,True,False,False,False,False,False,False,True,False,False,False,False,5,1,Watch
00164724,017800,현대엘리베이터,기계·장비,2025,546026985679.0,255573551179.0,1836909421009.0,1453950619779.0,58707457120.0,88233370207.0,269282572016.0,209221822358.0,2467378018763.0,3723057252310.0,1444314941553.0,2278742310757.0,0.6120621189328036,0.3879378810671964,1.2633918896696847,1.2027066304822638,0.3755471322416685,0.072328345702694,0.1864431117263481,0.0847952039642841,3.563803179727979,0.0686461512297259,0.1121555298168393,0.0,0.0,False,False,False,False,False,False,False,False,False,False,False,False,5,0,Low
00164742,005380,현대자동차,운송장비·부품,2019,8681971000000.0,419784000000.0,76082873000000.0,53314096000000.0,475218000000.0,11663848000000.0,,,105746422000000.0,194512220000000.0,76365754000000.0,118146466000000.0,0.6073986816869398,0.3926013183130602,1.427068612398492,1.208292549872739,0.1628456946920754,,,,,0.0021581369026583,0.0035530813084159,0.0,0.0,False,False,False,,,,False,False,False,,,False,3,,Insufficient data
00164742,005380,현대자동차,운송장비·부품,2020,9862136000000.0,-409807000000.0,83686357000000.0,59459528000000.0,955991000000.0,11333734000000.0,,2394671000000.0,103997601000000.0,209344212000000.0,76340970000000.0,133003242000000.0,0.635332788661002,0.364667211338998,1.4074507453204137,1.2168381659538232,0.1658630051688267,,,0.0230262138450674,2.5049095650482065,-0.0019575750200344,-0.0030811805324264,0.0,0.0,False,False,False,,False,False,True,False,False,,False,True,4,,Insufficient data
00164742,005380,현대자동차,운송장비·부품,2021,12795554000000.0,-1176416000000.0,88565366000000.0,64236787000000.0,548410000000.0,11645641000000.0,,6678949000000.0,117610626000000.0,233946415000000.0,82615789000000.0,151330626000000.0,0.6468602051456954,0.3531397948543046,1.3787328123992253,1.197440416812877,0.1991935555556351,,,0.0567886527531959,12.178751299210443,-0.0050285703245335,-0.0077738130812992,0.0,0.0,False,False,False,,False,False,True,False,False,,False,True,4,,Insufficient data
00164742,005380,현대자동차,운송장비·부품,2022,20864879000000.0,10627311000000.0,96389273000000.0,74236472000000.0,1054228000000.0,14291216000000.0,,9819769000000.0,142527535000000.0,255742462000000.0,90896545000000.0,164845917000000.0,0.6445778135974932,0.3554221864025068,1.2984085908608372,1.1058992269999035,0.2810596791291482,,,0.0688973467477705,9.31465394582576,0.0415547379848091,0.0644681481555894,0.0,0.0,False,False,False,,False,False,False,False,False,,False,False,4,,Insufficient data
00164742,005380,현대자동차,운송장비·부품,2023,19166619000000.0,-2518760000000.0,101724717000000.0,73362103000000.0,970700000000.0,17400346000000.0,12272301000000.0,15126901000000.0,162663579000000.0,282463355000000.0,101809440000000.0,180653915000000.0,0.6395658473999221,0.360434152600078,1.3866112453183084,1.1494268505361684,0.2612604903106444,0.0434474093108467,0.1205418770597304,0.0929950090425589,15.583497476048212,-0.0089171213023367,-0.0139424600900567,0.0,0.0,False,False,False,False,False,False,True,False,False,False,False,True,5,1,Watch
00164742,005380,현대자동차,운송장비·부품,2024,19014944000000.0,-5661641000000.0,115764287000000.0,79509643000000.0,898551000000.0,19791007000000.0,13229908000000.0,14239592000000.0,175231153000000.0,339798429000000.0,120275933000000.0,219522496000000.0,0.6460374070770056,0.3539625929229943,1.4559779497437817,1.2070646575535495,0.2391526773676999,0.0389345767104767,0.1099963032504599,0.0812617605729045,15.847283014542302,-0.0166617633185113,-0.0257907098505293,0.0,0.0,False,False,False,False,False,False,True,False,False,False,False,True,5,1,Watch
00164742,005380,현대자동차,운송장비·부품,2025,18360566000000.0,-5991270000000.0,120777363000000.0,88579290000000.0,1009986000000.0,20661752000000.0,10364775000000.0,11467851000000.0,186254472000000.0,368844849000000.0,127648237000000.0,241196612000000.0,0.6539243062602726,0.3460756937397274,1.3634943675886315,1.130237225879774,0.2072783152811453,0.0281006364277571,0.0811979487033573,0.0615708760002283,11.35446530942013,-0.0162433337926321,-0.0248397767709937,0.0,0.0,False,False,False,False,False,False,True,False,False,False,False,True,5,1,Watch
00164779,000660,SK하이닉스,전기·전자,2019,2306070000000.0,6483188000000.0,14457602000000.0,7874033000000.0,1514869000000.0,5295835000000.0,2016391000000.0,2712718000000.0,26990733000000.0,64789494000000.0,47943195000000.0,16846299000000.0,0.2600159062825834,0.7399840937174166,1.8361114310798543,1.1635418596797855,0.2928702483212859,0.0311221908910108,0.0420579187515558,0.1005055327693397,1.7907277791016911,0.1000654211005259,0.3848434602757555,0.0,0.0,False,False,False,False,False,False,False,False,False,False,False,False,5,0,Low
00164779,000660,SK하이닉스,전기·전자,2020,2975989000000.0,12314571000000.0,16570953000000.0,9072360000000.0,1980411000000.0,6136318000000.0,4758914000000.0,5012624000000.0,31900418000000.0,71173853000000.0,51909097000000.0,19264756000000.0,0.2706718153926555,0.7293281846073445,1.8265316852505853,1.1501566295870094,0.3280280985322452,0.0668632341711218,0.0916778421323722,0.1571334895987883,2.5311028872289643,0.1730209969101996,0.6392279767259964,0.0,0.0,False,False,False,False,False,False,False,False,False,False,False,False,5,0,Low
00164779,000660,SK하이닉스,전기·전자,2021,5057982000000.0,19797648000000.0,26870451000000.0,14769356000000.0,1469860000000.0,8916605000000.0,9616188000000.0,12410340000000.0,42997792000000.0,96386474000000.0,62191058000000.0,34195416000000.0,0.3547740111335539,0.6452259888664461,1.819338026654649,1.2156146821838407,0.3424646274353465,0.0997669859777213,0.1546233222145858,0.288627378819824,8.443212278720422,0.2053986122575663,0.57895619693587,0.0,0.0,False,False,False,False,False,False,False,False,False,False,False,False,5,0,Low
00164779,000660,SK하이닉스,전기·전자,2022,4977007000000.0,14780517000000.0,28733332000000.0,19843696000000.0,5091553000000.0,15664707000000.0,2241669000000.0,6809417000000.0,44621568000000.0,103871512000000.0,63290542000000.0,40580970000000.0,0.3906843100541369,0.6093156899458632,1.4479828757707234,0.6585781701150834,0.2508104840953016,0.0215811723237455,0.0354187044250624,0.1526037139707865,1.33739489699901,0.1422961571985204,0.3642228611095299,0.0,0.0,False,False,False,False,False,False,False,False,False,False,False,False,5,0,Low
00164779,000660,SK하이닉스,전기·전자,2023,7587329000000.0,4278191000000.0,30468100000000.0,21007810000000.0,6093167000000.0,13480659000000.0,-9137547000000.0,-7730313000000.0,32765719000000.0,100330165000000.0,53503752000000.0,46826413000000.0,0.4667231734344302,0.5332768265655697,1.450322522909337,0.8086250304053587,0.3611670612024766,-0.0910747729758044,-0.17078329385199,-0.2359268539170466,-1.2686855620402329,0.042641123933166,0.0913627742530695,0.0,0.0,False,False,False,True,True,True,False,False,False,True,True,False,5,2,Moderate
00164779,000660,SK하이닉스,전기·전자,2024,11205117000000.0,29795885000000.0,42278887000000.0,24965444000000.0,5707997000000.0,13313937000000.0,19796902000000.0,23467319000000.0,66192960000000.0,119855209000000.0,73915704000000.0,45939505000000.0,0.3832916848862197,0.6167083151137803,1.6934962983233943,1.1602016771662462,0.4488250639564031,0.1651734802781913,0.2678307981751753,0.3545289257347004,4.111305419396682,0.2485989991473795,0.648589596252724,0.0,0.0,False,False,False,False,False,False,False,False,False,False,False,False,5,0,Low
00164779,000660,SK하이닉스,전기·전자,2025,14923766000000.0,53373126000000.0,69458073000000.0,37378999000000.0,12504998000000.0,14289390000000.0,42947902000000.0,47206319000000.0,97146675000000.0,176107659000000.0,120666751000000.0,55440908000000.0,0.3148125885882112,0.6851874114117887,1.8582111575540048,1.475927244600638,0.3992553679674515,0.2438729936214756,0.3559215910271753,0.4859283037736495,3.7749961255491606,0.3030710095351389,0.9627029557308115,0.0,0.0,False,False,False,False,False,False,False,False,False,False,False,False,5,0,Low
00164788,012330,현대모비스,운송장비·부품,2019,3341977000000.0,2644058000000.0,21504648000000.0,8962268000000.0,215577000000.0,3034170000000.0,2294311000000.0,2359257000000.0,38048768000000.0,46606064000000.0,32409622000000.0,14196442000000.0,0.3046050402368241,0.6953949597631759,2.3994649568613657,2.0609156075225603,0.372894115641264,0.0492277356869269,0.070791044708883,0.0620061338122695,10.943917950430704,0.0567320595877823,0.186247934517677,0.0,0.0,False,False,False,False,False,False,False,False,False,False,False,False,5,0,Low
00164788,012330,현대모비스,운송장비·부품,2020,4202436000000.0,2476737000000.0,22902943000000.0,10082189000000.0,438657000000.0,3057205000000.0,1526850000000.0,1830292000000.0,36626504000000.0,48497676000000.0,33328123000000.0,15169553000000.0,0.312789276748024,0.6872107232519761,2.271624049102829,1.9683957521526327,0.4168178160516531,0.0314829518841274,0.0458126609770373,0.0499717909194937,4.172490123262595,0.0510691893772394,0.1632702690712112,0.0,0.0,False,False,False,False,False,False,False,False,False,False,False,False,5,0,Low
00164788,012330,현대모비스,운송장비·부품,2021,4155989000000.0,2608809000000.0,23552362000000.0,10076987000000.0,232147000000.0,4274966000000.0,2362474000000.0,2040112000000.0,41702184000000.0,51482537000000.0,35357474000000.0,16125063000000.0,0.3132142264084616,0.6867857735915385,2.337242471385544,1.9130118953214883,0.41242377309805,0.0458888418805001,0.0668168206812511,0.0489209869679727,8.788017936910665,0.0506736682382222,0.1617859725571304,0.0,0.0,False,False,False,False,False,False,False,False,False,False,False,False,5,0,Low
00164788,012330,현대모비스,운송장비·부품,2022,4088248000000.0,2154062000000.0,25659721000000.0,11476170000000.0,668331000000.0,5267166000000.0,2487244000000.0,2026531000000.0,51906293000000.0,55406698000000.0,37807632000000.0,17599066000000.0,0.3176342686943734,0.6823657313056266,2.235913288144041,1.7769477970437872,0.3562380132047538,0.0448906736871415,0.0657868231472418,0.0390421061276712,3.032226546426845,0.0388772851975405,0.1223963817170752,0.0,0.0,False,False,False,False,False,False,False,False,False,False,False,False,5,0,Low
00164788,012330,현대모비스,운송장비·부품,2023,5079414000000.0,5342631000000.0,25565154000000.0,12052826000000.0,605237000000.0,5511638000000.0,3423309000000.0,2295284000000.0,59254361000000.0,58585845000000.0,40655299000000.0,17930546000000.0,0.306055942352628,0.693944057647372,2.121092099064568,1.663801999630626,0.4214292979920228,0.0584323568261241,0.084203267082109,0.0387361193549956,3.792372244261339,0.0911932054577347,0.2979625383409964,0.0,0.0,False,False,False,False,False,False,False,False,False,False,False,False,5,0,Low
00164788,012330,현대모비스,운송장비·부품,2024,4788492000000.0,4252694000000.0,28424073000000.0,12745182000000.0,486348000000.0,6762941000000.0,4060161000000.0,3073456000000.0,57236995000000.0,66596905000000.0,46118232000000.0,20478673000000.0,0.3075018726470847,0.6924981273529153,2.2301818051715543,1.6995545453960563,0.3757099741690625,0.0609662115679399,0.0880380887107727,0.0536970188599174,6.319458494740392,0.0638572318037902,0.2076645298257362,0.0,0.0,False,False,False,False,False,False,False,False,False,False,False,False,5,0,Low
00164788,012330,현대모비스,운송장비·부품,2025,4922378000000.0,4472515000000.0,30366398000000.0,13057963000000.0,355172000000.0,6861834000000.0,3664736000000.0,3357456000000.0,61118127000000.0,70400532000000.0,49212795000000.0,21187737000000.0,0.3009598989962178,0.6990401010037822,2.325508044401719,1.8000176597222706,0.3769636964050212,0.0520555157168414,0.0744671380684637,0.0549338823815723,9.453042469564044,0.0635295625322831,0.21108979217554,0.0,0.0,False,False,False,False,False,False,False,False,False,False,False,False,5,0,Low
00165413,011170,롯데케미칼,화학,2019,1351954868848.0,1277869267059.0,7220858878213.0,2740030326653.0,237353470829.0,1679720619364.0,756665993886.0,1107258909223.0,15123477947655.0,20043105157128.0,14053130391524.0,5989974765604.0,0.2988546294920657,0.7011453705079342,2.635320787501436,2.0222908501956645,0.4934087246032196,0.0377519345407866,0.0538432344114856,0.0732145683060084,4.6650209299897645,0.0637560526196484,0.2133346661820445,0.0,0.0,False,False,False,False,False,False,False,False,False,False,False,False,5,0,Low
00165413,011170,롯데케미칼,화학,2020,1522332787708.0,1310811944115.0,6876462666084.0,2867690834694.0,261818494644.0,1557128565647.0,175348148336.0,356911281146.0,12223031551258.0,19386545994630.0,13712355293944.0,5674190700686.0,0.2926870367861159,0.707312963213884,2.3979093502308317,1.8549189599110345,0.5308566632394465,0.0090448369907961,0.0127876024634106,0.0291998985398402,1.3632011811514675,0.0676145170201071,0.2310130225190572,0.0,0.0,False,False,False,False,False,False,False,False,False,False,False,False,5,0,Low
00165413,011170,롯데케미칼,화학,2021,1602899582367.0,1486216752868.0,9430722837199.0,4579148533317.0,255504171242.0,2793044446672.0,1425601668371.0,1535640888894.0,18120462422756.0,22869964008005.0,15451196495425.0,7418767512580.0,0.3243891205942985,0.6756108794057015,2.0594926695613567,1.4495442421735252,0.3500431511894869,0.0623351076491422,0.0922648073754748,0.0847462307013487,6.010238038108279,0.0649855309062922,0.2003320295922231,0.0,0.0,False,False,False,False,False,False,False,False,False,False,False,False,5,0,Low
00165413,011170,롯데케미칼,화학,2022,2809675585268.0,-167465442693.0,9466179970506.0,6384043035475.0,720625048292.0,2548763114422.0,27820456953.0,-762606983916.0,22276082763692.0,26784587810580.0,17264242286783.0,9520345523797.0,0.355441180992766,0.644558819007234,1.4827876187400535,1.0835479675881154,0.4401091235844008,0.0010386740744246,0.0016114496362402,-0.0342343396729958,-1.0582576691214165,-0.0062523061350546,-0.0175902694155799,0.0,0.0,False,False,False,False,True,True,True,False,False,True,True,True,5,3,High
00165413,011170,롯데케미칼,화학,2023,2701527699211.0,789529232365.0,9814399965942.0,6523537562714.0,734959709834.0,2801729162318.0,-39243085252.0,-347702499473.0,19946396629902.0,33476310224541.0,20232540579853.0,13243769644688.0,0.3956161702366823,0.6043838297633177,1.5044597921896377,1.0749797538847166,0.4141200496264297,-0.0011722643561604,-0.0019396024486948,-0.0174318452562881,-0.4730905583267047,0.023584714894481,0.059615143840989,0.0,0.0,False,False,False,True,True,True,False,False,False,True,True,False,5,2,Moderate
00165413,011170,롯데케미칼,화학,2024,2111786094945.0,1542393674686.0,8983401895060.0,8502342739017.0,801963875397.0,2818404313322.0,-1825555752135.0,-894081004428.0,20430375565357.0,34552330375053.0,19987944762878.0,14564385612175.0,0.4215167386420506,0.5784832613579495,1.0565796005653163,0.7250939853844056,0.2483769661806358,-0.0528345188969674,-0.0913328395586452,-0.0437623381698405,-1.1148644369865148,0.0446393530608175,0.1059017328816566,0.0,0.0,False,False,False,True,True,True,False,False,False,True,True,False,5,2,Moderate
00165413,011170,롯데케미칼,화학,2025,1870312010924.0,488927763234.0,7994480522770.0,7673638328699.0,866366263475.0,2910029950810.0,-2476176326250.0,-943115729953.0,18483005314922.0,31117333049679.0,17628428467279.0,13488904582400.0,0.4334852399100169,0.566514760089983,1.0418109611539896,0.662586683678383,0.2437321034442205,-0.0795754675471953,-0.140464950171035,-0.0510261028379182,-1.0885877829200752,0.0157123929114819,0.0362466618580682,0.0,0.0,False,False,False,True,True,True,False,False,False,True,True,False,5,2,Moderate
00170558,021240,코웨이,일반서비스,2019,60540530995.0,539259580627.0,766943433301.0,1586823434426.0,21979551633.0,112845477767.0,332207676536.0,458275463578.0,3018912502707.0,2854954793880.0,1077195584534.0,1777759209346.0,0.6226925950480472,0.3773074049519527,0.4833199565006586,0.4122058833663533,0.0381520273028355,0.1163617992299332,0.3084005182584504,0.151801505729985,20.85008244162485,0.188885505922188,0.3033366823763395,0.0,0.0,True,True,False,False,False,False,False,True,False,False,False,False,5,1,Watch
00170558,021240,코웨이,일반서비스,2020,115815623716.0,562839088058.0,896854450336.0,1417278130467.0,21203992027.0,134014469724.0,404710859650.0,606438716580.0,3237411475094.0,3029023072502.0,1490008891206.0,1539014181296.0,0.5080892896681571,0.4919107103318428,0.6328005993011987,0.5382429631935691,0.0817169341897896,0.1336110191183539,0.2716164058071026,0.1873221001548441,28.600214327933827,0.1858153848901157,0.3657140362306698,0.0,0.0,True,False,False,False,False,False,False,True,False,False,False,False,5,1,Watch
00170558,021240,코웨이,일반서비스,2021,73126543714.0,331286871722.0,1106454326269.0,1293177416525.0,17876238186.0,234950130103.0,465486095093.0,640219263049.0,3664259556788.0,3800627982540.0,1904437681959.0,1896190300581.0,0.4989149975456834,0.5010850024543165,0.8556090696682915,0.673924695118701,0.0565479591427633,0.1224761005895427,0.2444218046631894,0.1747199545029502,35.81398146453406,0.0871663507304383,0.1747118269830261,0.0,0.0,True,False,False,False,False,False,False,True,False,False,False,False,5,1,Watch
00170558,021240,코웨이,일반서비스,2022,115935470233.0,164458234709.0,1374501066423.0,1130229416371.0,33054957167.0,253684072093.0,457795616474.0,677378551681.0,3856132895084.0,4365074875331.0,2311968716798.0,2053106158533.0,0.470348440100312,0.5296515598996879,1.216125723250347,0.9916721137278288,0.1025769357563278,0.1048769218281246,0.1980111638828884,0.1756626574111482,20.492495218153007,0.0376759252489407,0.0801021583932658,0.0,0.0,False,False,False,False,False,False,False,False,False,False,False,False,5,0,Low
00170558,021240,코웨이,일반서비스,2023,260275917324.0,448949188599.0,1591625489084.0,1509014925614.0,55987900395.0,197907525936.0,471011104871.0,731255078054.0,3966519721923.0,4850965736396.0,2637754784464.0,2213210951932.0,0.4562413078547723,0.5437586921452277,1.0547446960714366,0.923594551313608,0.1724806778952811,0.0970963578112046,0.1785651599023489,0.1843568491572964,13.060948399474269,0.0925484146858857,0.202849704953382,0.0,0.0,False,False,False,False,False,False,False,False,False,False,False,False,5,0,Low
00170558,021240,코웨이,일반서비스,2024,128994283729.0,330339058184.0,1771007871650.0,1877989167049.0,66534112230.0,240129758637.0,565452186637.0,795373861343.0,4310141694596.0,5761561091079.0,3196115767366.0,2565445323713.0,0.4452691350761247,0.5547308649238752,0.9430341253953524,0.8151687666114512,0.0686874482517365,0.0981421836370921,0.1769185560831557,0.1845354324059066,11.954377005790551,0.0573349918471723,0.1287648016235623,0.0,0.0,True,False,False,False,False,False,False,True,False,False,False,False,5,1,Watch
00170558,021240,코웨이,일반서비스,2025,182190550994.0,35544145039.0,2231876914862.0,2331217138019.0,75116526575.0,298554639356.0,617510076654.0,878651769382.0,4963566073111.0,7000122151656.0,3613727511069.0,3386394640587.0,0.4837622211757961,0.5162377788242039,0.9573869711504368,0.8293188326287274,0.0781525444467263,0.0882141858778731,0.1708789815398478,0.1770202625370291,11.697183155889286,0.0050776463994405,0.0104961614966526,0.0,0.0,True,False,False,False,False,False,False,True,False,False,False,False,5,1,Watch
00172291,012510,더존비즈온,IT 서비스,2019,33690201225.0,60247212452.0,102028657923.0,95090806246.0,3385221714.0,1490737355.0,51025561350.0,66796148493.0,262663608429.0,727012780633.0,363005013766.0,364007766867.0,0.5006896392523711,0.4993103607476288,1.0729602781897944,1.0572832909619918,0.3542950423392501,0.0701852329275047,0.1405643432321627,0.2543030185738711,19.731690901294986,0.082869536900773,0.165510788328901,0.0,0.0,False,False,False,False,False,False,False,False,False,False,False,False,5,0,Low
00172291,012510,더존비즈온,IT 서비스,2020,62888769113.0,105372784187.0,138879191030.0,119466098909.0,7504612918.0,1504417946.0,57901330603.0,76728669433.0,306455632979.0,798975004229.0,397981024656.0,400993979573.0,0.5018855126262101,0.4981144873737899,1.1624987531884454,1.149905909195557,0.5264151896422413,0.0724695144360292,0.1454876665364831,0.2503744789649791,10.22420080440983,0.1318849571379061,0.2627789681511094,0.0,0.0,False,False,False,False,False,False,False,False,False,False,False,False,5,0,Low
00172291,012510,더존비즈온,IT 서비스,2021,41336821412.0,60737244148.0,225058219872.0,385365791684.0,7214437039.0,2080222128.0,54413669533.0,71173064598.0,318746985620.0,900314202568.0,501726226725.0,398587975843.0,0.4427209686419391,0.5572790313580608,0.5840119302975075,0.5786138846668621,0.1072664525602111,0.0604385328786259,0.1084529104411848,0.2232901574255207,9.865366377619033,0.0674622748089021,0.1523810245894718,0.0,0.0,True,False,False,False,False,False,False,True,False,False,False,False,5,1,Watch
00172291,012510,더존비즈온,IT 서비스,2022,54115709456.0,77337373778.0,143916992480.0,137740832182.0,9702602877.0,1968184924.0,23076078685.0,45533613298.0,304302941269.0,832892725864.0,438499756772.0,394392969092.0,0.4735219276682685,0.5264780723317315,1.044838993638715,1.030549948823018,0.3928806628995512,0.0277059433567054,0.0526250661000902,0.1496325112998131,4.692927647893055,0.0928539431026657,0.196092171612622,0.0,0.0,False,False,False,False,False,False,False,False,False,False,False,False,5,0,Low
00172291,012510,더존비즈온,IT 서비스,2023,54090927393.0,101159125195.0,125628815212.0,415452939217.0,16878037823.0,1157794302.0,34328701391.0,69070239677.0,353562627173.0,883327559675.0,445338536212.0,437989023463.0,0.4958398712524581,0.5041601287475419,0.3023900022196771,0.2996031780268284,0.1301974839676056,0.0388629348365746,0.0770845067282883,0.1953550357662762,4.092314545170456,0.1145205129026192,0.2309626948985529,0.0,0.0,True,True,False,False,False,False,False,True,False,False,False,False,5,1,Watch
00172291,012510,더존비즈온,IT 서비스,2024,121380210932.0,103552121283.0,215914131430.0,204315065486.0,20186163064.0,1344378330.0,78026871531.0,88064046059.0,402332391243.0,1037613249183.0,554824182699.0,482789066484.0,0.4652880703519739,0.534711929648026,1.0567704878561428,1.0501905602976824,0.5940835084445457,0.0751984148163461,0.1406335087115889,0.2188838084523282,4.3625946040262304,0.0997983799498852,0.2144872957400161,0.0,0.0,False,False,False,False,False,False,False,False,False,False,False,False,5,0,Low
00172291,012510,더존비즈온,IT 서비스,2025,127160462751.0,129596057115.0,260024197419.0,473498486574.0,23648086926.0,2481304277.0,92289152067.0,127727153412.0,446299245964.0,1129961431954.0,631787001460.0,498174430494.0,0.4408773754627409,0.5591226245372591,0.5491552872753744,0.5439149235839221,0.2685551619627551,0.0816746036255483,0.1460763704440396,0.2861917302506554,5.401162208667704,0.1146906907175534,0.2601419285740737,0.0,0.0,True,False,False,False,False,False,False,True,False,False,False,False,5,1,Watch
00190321,030200,케이티,통신,2019,2305894000000.0,3745173000000.0,11898255000000.0,10111456000000.0,421931000000.0,665498000000.0,669347000000.0,1151065000000.0,24342064000000.0,34061292000000.0,15186953000000.0,18874339000000.0,0.554128686604137,0.4458713133958629,1.1767103570445243,1.1108941185127048,0.2280476718684233,0.0196512510447342,0.0440738178356119,0.0472870747525764,2.7280882419163324,0.1099539324579936,0.1984267104665228,0.0,0.0,False,False,False,False,False,False,False,False,False,False,False,False,5,0,Low
00190321,030200,케이티,통신,2020,2634624000000.0,4739827000000.0,11154180000000.0,9192472000000.0,507383000000.0,534636000000.0,703392000000.0,1184107000000.0,23916667000000.0,33662545000000.0,15551433000000.0,18111112000000.0,0.5380196892421533,0.4619803107578467,1.2134037503731314,1.1552435514625443,0.2866066929548439,0.020895389816783,0.0452300440737519,0.0495096996584014,2.333753791514497,0.1408041786501882,0.2617082264192281,0.0,0.0,False,False,False,False,False,False,False,False,False,False,False,False,5,0,Low
00190321,030200,케이티,통신,2021,3019592000000.0,5561834000000.0,11858350000000.0,10072432000000.0,563330000000.0,514145000000.0,1459395000000.0,1671824000000.0,24898005000000.0,37159341000000.0,16567161000000.0,20592180000000.0,0.5541589125598325,0.4458410874401675,1.1773075261267587,1.126262753622958,0.299787777172385,0.0392739742074543,0.0880896250117929,0.0671469059468821,2.967752471908118,0.1496752593109764,0.2700944727561628,0.0,0.0,False,False,False,False,False,False,False,False,False,False,False,False,5,0,Low
00190321,030200,케이티,통신,2022,2449062000000.0,3597065000000.0,12681532000000.0,10699268000000.0,749908000000.0,709191000000.0,1387663000000.0,1690088000000.0,25650011000000.0,40980681000000.0,18414723000000.0,22565958000000.0,0.5506486824852911,0.4493513175147089,1.185270992370693,1.1189869250868376,0.2288999583896767,0.0338613943482295,0.0753561701688371,0.0658903421133035,2.2537271238605268,0.087774651670625,0.1594022731053563,0.0,0.0,False,False,False,False,False,False,False,False,False,False,False,False,5,0,Low
00190321,030200,케이티,통신,2023,2879554000000.0,5503289000000.0,14518157000000.0,13147409000000.0,568682000000.0,912262000000.0,988718000000.0,1649774000000.0,26376273000000.0,42709982000000.0,18561137000000.0,24148845000000.0,0.5654145440754341,0.4345854559245658,1.1042599344098902,1.034872726633818,0.2190206450563757,0.0231495766024907,0.0532681807154378,0.06254765409806,2.9010483890821237,0.1288525244520121,0.2278903608019348,0.0,0.0,False,False,False,False,False,False,False,False,False,False,False,False,5,0,Low
00190321,030200,케이티,통신,2024,3716680000000.0,5065796000000.0,14251937000000.0,13874734000000.0,994781000000.0,940209000000.0,417094000000.0,809471000000.0,26431204000000.0,41879957000000.0,17996549000000.0,23883408000000.0,0.5702825339577116,0.4297174660422884,1.0271863229954534,0.959422213067292,0.2678739642864504,0.0099592747910414,0.0231763323068217,0.0306255817933984,0.8137177931625151,0.1209599140705899,0.2121052405921299,0.0,0.0,False,False,False,False,False,True,False,False,False,False,True,False,5,1,Watch
00190321,030200,케이티,통신,2025,3506971000000.0,4941733000000.0,13977536000000.0,11692764000000.0,771797000000.0,416135000000.0,1836770000000.0,2469133000000.0,28244161000000.0,42948573000000.0,19458023000000.0,23490550000000.0,0.5469459951556481,0.4530540048443519,1.195400505817102,1.1598114013076806,0.2999266041801579,0.042766729409147,0.0943965376133022,0.0874210071242689,3.199200048717473,0.1150616342945783,0.2103711066790688,0.0,0.0,False,False,False,False,False,False,False,False,False,False,False,False,5,0,Low
00231363,032640,LG유플러스,통신,2019,474365000000.0,2252600000000.0,4805494000000.0,4648853000000.0,132379000000.0,436724000000.0,438831000000.0,686244000000.0,12381969000000.0,17941050000000.0,7349616000000.0,10591434000000.0,0.5903463844089393,0.4096536155910607,1.0336945478809505,0.9397522356589896,0.1020391481511676,0.0244596052070531,0.05970801739846,0.0554228491445908,5.1839340076598255,0.1255556391627023,0.212681304533456,0.0,0.0,False,False,False,False,False,False,False,False,False,False,False,False,5,0,Low
00231363,032640,LG유플러스,통신,2020,726179000000.0,2548551000000.0,4950900000000.0,4328335000000.0,152778000000.0,284077000000.0,478065000000.0,886151000000.0,13417627000000.0,18350190000000.0,7651214000000.0,10698976000000.0,0.583044426242998,0.416955573757002,1.1438347540104914,1.0782028193289106,0.16777328926712,0.0260523188043284,0.0624822413802567,0.0660437944802013,5.8002526541779575,0.1388841750412393,0.2382051329024385,0.0,0.0,False,False,False,False,False,False,False,False,False,False,False,False,5,0,Low
00231363,032640,LG유플러스,통신,2021,770318000000.0,3404503000000.0,5164421000000.0,5073659000000.0,155184000000.0,241363000000.0,724218000000.0,979014000000.0,13851135000000.0,19370515000000.0,7958558000000.0,11411957000000.0,0.5891406088067354,0.4108593911932646,1.0178888648212268,0.9703170827996128,0.1518269162354033,0.0373876481859155,0.0909986457345665,0.0706811391268657,6.308730281472316,0.1757569687744492,0.2983277101377091,0.0,0.0,False,False,False,False,False,False,False,False,False,False,False,False,5,0,Low
00231363,032640,LG유플러스,통신,2022,834608000000.0,3504980000000.0,5043422000000.0,4817824000000.0,222918000000.0,226157000000.0,662588000000.0,1081260000000.0,13905990000000.0,19774800000000.0,8449667000000.0,11325133000000.0,0.5727053118109917,0.4272946881890082,1.046825703886236,0.9998839725153928,0.1732333933327577,0.0335066852762101,0.0784158713000169,0.0777549818459527,4.850483137297123,0.1772447761797843,0.3094868731342934,0.0,0.0,False,False,False,False,False,False,False,False,False,False,False,False,5,0,Low
00231363,032640,LG유플러스,통신,2023,559554000000.0,2974990000000.0,4964158000000.0,5606861000000.0,287191000000.0,354433000000.0,630241000000.0,998031000000.0,14372626000000.0,20100605000000.0,8756785000000.0,11343820000000.0,0.5643521675093859,0.435647832490614,0.8853720468547375,0.8221578883442981,0.0997980866656048,0.0313543298821105,0.0719717339183273,0.0694397112956254,3.475147201688076,0.1480049978595171,0.2622564532935114,0.0,0.0,True,False,False,False,False,False,False,True,False,False,False,False,5,1,Watch
00231363,032640,LG유플러스,통신,2024,896209000000.0,3335301000000.0,5263896000000.0,5116288000000.0,311831000000.0,252311000000.0,314602000000.0,863130000000.0,14625198000000.0,19707730000000.0,8768379000000.0,10939351000000.0,0.5550791998875568,0.4449208001124431,1.0288506041880363,0.9795353584473744,0.1751678169798103,0.0159633808662895,0.0358791516653192,0.059016636902967,2.767941609397398,0.1692382126201241,0.304890207837741,0.0,0.0,False,False,False,False,False,False,False,False,False,False,False,False,5,0,Low
00231363,032640,LG유플러스,통신,2025,794318000000.0,2963757000000.0,5414363000000.0,4676319000000.0,278767000000.0,209832000000.0,509226000000.0,892131000000.0,15451745000000.0,19681792000000.0,9067527000000.0,10614265000000.0,0.5392936273282433,0.4607063726717567,1.1578258454994197,1.1129546551464944,0.1698596695392251,0.0258729489672485,0.0561593034131577,0.0577365857383745,3.2002747814483063,0.1505836968503681,0.2792239500332807,0.0,0.0,False,False,False,False,False,False,False,False,False,False,False,False,5,0,Low
00244455,033780,케이티앤지,음식료·담배,2019,891306145983.0,1042489387291.0,6417221472031.0,1600094060813.0,13795983837.0,2447243499482.0,1037198624955.0,1379590577939.0,4963202297002.0,10752439455974.0,8739585488284.0,2012853967690.0,0.1871997490366401,0.8128002509633598,4.010527649087355,2.481090374482031,0.5570335943439048,0.0964617033373517,0.1186782401002237,0.2779638014699371,99.99943420048238,0.0969537556160614,0.5179160555235838,0.0,0.0,False,False,False,False,False,False,False,False,False,False,False,False,5,0,Low
00244455,033780,케이티앤지,음식료·담배,2020,1253611491485.0,1261664798427.0,6750382617137.0,1991492012289.0,13409221027.0,2535032331643.0,1171643099110.0,1481051152257.0,5301617653949.0,11468383152160.0,9091571656245.0,2376811495915.0,0.2072490484822476,0.7927509515177523,3.389610691623202,2.1166794842671357,0.629483564959978,0.1021628841280323,0.1288713484763878,0.2793583485134606,110.45020059516094,0.1100124386923167,0.5308224066550543,0.0,0.0,False,False,False,False,False,False,False,False,False,False,False,False,5,0,Low
00244455,033780,케이티앤지,음식료·담배,2021,946570845404.0,1419821288927.0,6255861536474.0,2063946376879.0,31901130075.0,2375380884539.0,971758744656.0,1338383479632.0,5228351596536.0,11637271194200.0,9208862153052.0,2428409041148.0,0.2086751267220029,0.791324873277997,3.0310194133695525,1.8801266812962825,0.4586218208029991,0.0835040043700556,0.1055243013203254,0.255985745204805,41.95410872547279,0.1220063763431617,0.5846713897325128,0.0,0.0,False,False,False,False,False,False,False,False,False,False,False,False,5,0,Low
00244455,033780,케이티앤지,음식료·담배,2022,1401018438794.0,887886606991.0,6509584902000.0,2527315274128.0,87540068046.0,2575842017001.0,1005327163465.0,1267649967727.0,5851406367817.0,12301715783797.0,9358580031392.0,2943135752405.0,0.2392459559406747,0.7607540440593252,2.57569167117308,1.5564907652276423,0.554350481372924,0.0817225158777566,0.1074230449590403,0.216640220836333,14.480797148351352,0.0721758348669106,0.3016804801699882,0.0,0.0,False,False,False,False,False,False,False,False,False,False,False,False,5,0,Low
00244455,033780,케이티앤지,음식료·담배,2023,1031953000000.0,1265993000000.0,6418374000000.0,2672414000000.0,67814000000.0,2763769000000.0,922361000000.0,1167336000000.0,5862608000000.0,12772452000000.0,9294935000000.0,3477517000000.0,0.2722669852272688,0.7277330147727312,2.401713955996339,1.3675295070299736,0.3861501249432161,0.0722148730721399,0.0992326465973134,0.199115478981368,17.21379066269502,0.0991190258534539,0.3640508443236941,0.0,0.0,False,False,False,False,False,False,False,False,False,False,False,False,5,0,Low
00244455,033780,케이티앤지,음식료·담배,2024,1135968000000.0,822275000000.0,7176310000000.0,3142888000000.0,91635000000.0,3101313000000.0,1164999000000.0,1188814000000.0,5908792000000.0,13925237000000.0,9358465000000.0,4566772000000.0,0.3279493196417411,0.6720506803582589,2.2833489453012645,1.2965772245145228,0.361440814944726,0.0836609818561795,0.1244861203199456,0.2011940850177159,12.97336170677143,0.0590492642961839,0.1800560658600867,0.0,0.0,False,False,False,False,False,False,False,False,False,False,False,False,5,0,Low
00244455,033780,케이티앤지,음식료·담배,2025,913503000000.0,582875000000.0,7026243000000.0,3236837000000.0,110236000000.0,3284784000000.0,1102316000000.0,1343666000000.0,6579707000000.0,14189127000000.0,9336169000000.0,4852958000000.0,0.3420194914035233,0.6579805085964767,2.1707126432378274,1.1558997255654209,0.2822208841532644,0.0776873728736095,0.1180694136963459,0.2042136526748075,12.188994520846183,0.0410789895671523,0.1201071593860898,0.0,0.0,False,False,False,False,False,False,False,False,False,False,False,False,5,0,Low
00255619,035250,강원랜드,오락·문화,2019,60665204556.0,407868874433.0,1878191161386.0,651342606881.0,1961002063.0,3636529402.0,334653892485.0,501153152199.0,1520080448803.0,4438119305668.0,3717759076243.0,720360229425.0,0.1623120470206863,0.8376879529793138,2.883568711065672,2.877985582672746,0.0931387013763764,0.0754044381045835,0.0900149486887101,0.3296885718079179,255.5597271694456,0.0919012866355583,0.5662012667725503,0.0,0.0,False,False,False,False,False,False,False,False,False,False,False,False,5,0,Low
00255619,035250,강원랜드,오락·문화,2020,66052962790.0,-655676332159.0,1498178290711.0,329969961102.0,11719774289.0,2159928406.0,-275879104412.0,-431583873583.0,478578866341.0,3641632200970.0,3247028580390.0,394603620580.0,0.1083589991528776,0.8916410008471224,4.540347508323294,4.533801674882012,0.200178714963638,-0.0757569927952954,-0.0849635590145819,-0.901803033808612,-36.82527179623912,-0.1800501247721698,-1.6616074915766552,0.0,0.0,False,False,False,True,True,True,True,False,False,True,True,True,5,3,High
00255619,035250,강원랜드,오락·문화,2021,206399109422.0,210874268539.0,1657033996511.0,506759505483.0,7539349243.0,3404348885.0,-10582086270.0,-52695285784.0,788432829925.0,3827273463677.0,3252792611203.0,574480852474.0,0.1501018565634647,0.8498981434365352,3.269862683545829,3.263144804851566,0.4072920333783931,-0.0027649151204976,-0.0032532311569923,-0.0668354789196343,-6.989367926273687,0.0550977792782033,0.3670692724237381,0.0,0.0,False,False,False,True,True,True,False,False,False,True,True,False,5,2,Moderate
00255619,035250,강원랜드,오락·문화,2022,101060567371.0,420172245612.0,1206402286487.0,687658757348.0,59771596776.0,4027395893.0,115612767888.0,217565214200.0,1270685819109.0,4167752670696.0,3415377900739.0,752374769957.0,0.1805228931282421,0.8194771068717578,1.7543618453134628,1.7485051673464258,0.1469632521815712,0.02773983415592,0.0338506517428084,0.1712187315921695,3.639943149174135,0.1008150624115208,0.558461371101019,0.0,0.0,False,False,False,False,False,False,False,False,False,False,False,False,5,0,Low
00255619,035250,강원랜드,오락·문화,2023,166186546142.0,337848836029.0,1391068809421.0,701132109319.0,7658834198.0,5522131094.0,340880761170.0,282263014860.0,1388572378274.0,4448655838228.0,3677900816262.0,770755021966.0,0.1732557091386528,0.8267442908613472,1.9840323826733968,1.9761563618485003,0.2370260096965388,0.0766255636681889,0.0926835111112243,0.2032756947180915,36.85456657799292,0.0759440263114561,0.4383349136892207,0.0,0.0,False,False,False,False,False,False,False,False,False,False,False,False,5,0,Low
00255619,035250,강원랜드,오락·문화,2024,244499636973.0,487048778217.0,1213770948090.0,749911256800.0,2765884797.0,4403371973.0,456893167585.0,285790454716.0,1426862781802.0,4700641154570.0,3883662813757.0,816978340813.0,0.1738014696184003,0.8261985303815997,1.6185527781905409,1.6126809207766517,0.3260380941823995,0.0971980528955725,0.1176449113879194,0.2002928791478268,103.32695527520916,0.1036132651273512,0.5961587399395717,0.0,0.0,False,False,False,False,False,False,False,False,False,False,False,False,5,0,Low
00255619,035250,강원랜드,오락·문화,2025,200357737326.0,294467847955.0,3238176340863.0,802657029337.0,2754623814.0,5502000717.0,318192728196.0,235311359166.0,1476727048701.0,4845197185257.0,3964518835963.0,880678349294.0,0.1817631596034387,0.8182368403965613,4.03432128855553,4.02746655419714,0.249618118328194,0.0656717809471612,0.0802601126042347,0.1593465490951704,85.42413594555529,0.0607752041239949,0.3343648088897173,0.0,0.0,False,False,False,False,False,False,False,False,False,False,False,False,5,0,Low
00258801,035720,카카오,IT 서비스,2019,1918225198949.0,752667420203.0,2829694454045.0,2433322136077.0,44000156706.0,49449770906.0,-341924578348.0,206786221786.0,,8737255755774.0,5740117751288.0,2997138004486.0,0.3430296752507613,0.6569703247492388,1.1628934829841442,1.1425715658105622,0.7883153531170193,-0.0391340928897542,-0.0595675198947403,,4.699670120897592,0.0861446020629075,0.2511287164876747,0.0,0.0,False,False,False,True,,False,False,False,False,True,False,False,5,1,Watch
00258801,035720,카카오,IT 서비스,2020,2877513939692.0,971096476573.0,4462924201049.0,2949489217453.0,72670378433.0,45813596549.0,168978904480.0,450519574781.0,,11954146190738.0,7411759473373.0,4542386717365.0,0.3799842033791099,0.6200157966208901,1.5131176525889831,1.4975849304220712,0.9755973755268876,0.0141355895924147,0.0227987571759529,,6.199493995980303,0.0812351180149862,0.2137855134307729,0.0,0.0,False,False,False,False,,False,False,False,False,,False,False,4,,Insufficient data
00258801,035720,카카오,IT 서비스,2021,5231503744581.0,1306571526446.0,8102194310997.0,5657183444239.0,315317249849.0,91807853142.0,1640484195406.0,587884339202.0,,22784559108590.0,13568333645679.0,9216225462911.0,0.4044943515907838,0.5955056484092162,1.432195789805593,1.41596724532813,0.924754128294798,0.0719998217910445,0.1209053549422726,,1.864421751374299,0.0573446043093899,0.1417686157640192,0.0,0.0,False,False,False,False,,False,False,False,False,,False,False,4,,Insufficient data
00258801,035720,카카오,IT 서비스,2022,4780244024656.0,678376491408.0,7755732886687.0,5210218944086.0,487662708977.0,160328357802.0,1066994242805.0,569355650551.0,,22963651561449.0,13515682590325.0,9447968971124.0,0.4114314722918499,0.58856852770815,1.4885617994019915,1.4577898952799997,0.9174746927059456,0.0464644849687691,0.0789449023883404,,1.1675193531721388,0.0295413161792982,0.0718013039078911,0.0,0.0,False,False,False,False,,False,False,False,False,,False,False,4,,Insufficient data
00258801,035720,카카오,IT 서비스,2023,,1341098333644.0,8943259940386.0,6766752561041.0,308396402380.0,138643535336.0,-1816669011014.0,460857845673.0,7557001757272.0,25179968939321.0,13858599224126.0,11321369715195.0,0.4496180969276561,0.5503819030723439,1.3216472539392168,1.3011583216064124,,-0.0721473888785101,-0.1310860485705812,0.06098421840772,1.4943684236145531,0.0532605237471021,0.1184572509670841,0.0,0.0,False,False,False,True,False,False,False,False,False,True,False,False,5,1,Watch
00258801,035720,카카오,IT 서비스,2024,6145133028198.0,1250459006332.0,10958808525169.0,8632656976873.0,381480156915.0,64900956748.0,-161870567171.0,460212161525.0,7871692199887.0,25773028304462.0,13942894159737.0,11830134144725.0,0.459012189214757,0.5409878107852429,1.2694595133952142,1.261941439073268,0.7118472383022852,-0.0062806188414799,-0.0116095385446182,0.0584641967494113,1.2063855830581058,0.0485181249001892,0.1057011688146895,0.0,0.0,False,False,False,True,False,False,False,False,False,True,False,False,5,1,Watch
00258801,035720,카카오,IT 서비스,2025,6373784263399.0,1404762595727.0,12374175844165.0,8779746217432.0,397935159962.0,76540621667.0,517959587282.0,732036535379.0,8099147815086.0,27783524545811.0,15224922016050.0,12558602529761.0,0.4520161763153442,0.5479838236846557,1.4094001737312565,1.4006823110765214,0.7259645217015483,0.0186426882747708,0.0340205083964286,0.0903843900731705,1.8395874731172392,0.0505609932033911,0.1118566012737512,0.0,0.0,False,False,False,False,False,False,False,False,False,False,False,False,5,0,Low
00261285,036460,한국가스공사,전기·가스,2019,257100689935.0,1985840004108.0,9232764529388.0,8900542511171.0,1253031416155.0,2645254120692.0,58269151996.0,1334514162004.0,24982639514904.0,39311854557705.0,8146520783003.0,31165333774702.0,0.792771903674885,0.2072280963251149,1.0373260413957948,0.7401245935770846,0.0288859571888247,0.0014822285199104,0.0071526426493103,0.0534176607402858,1.0650284939375538,0.0505150425094555,0.0637195166419162,0.0,0.0,False,False,True,False,False,False,False,False,True,False,False,False,5,1,Watch
00261285,036460,한국가스공사,전기·가스,2020,331760711447.0,3251022956819.0,7527879016282.0,7212818182330.0,1427114381155.0,1390282555753.0,-160683052530.0,898855103216.0,20833721595457.0,35909774516082.0,7735155421970.0,28174619094112.0,0.7845947092063791,0.2154052907936209,1.043680684302266,0.8509290412400684,0.0459959897865925,-0.0044746327342723,-0.0207730864817034,0.0431442408931875,0.6298409679597887,0.0905330930263303,0.1153883552412748,0.0,0.0,False,False,True,True,False,True,False,False,True,True,True,False,5,3,High
00261285,036460,한국가스공사,전기·가스,2021,564523174196.0,-2070539824957.0,13147738252924.0,14021662940411.0,1472442699191.0,3582844678809.0,964522139121.0,1239699333407.0,27520756430324.0,43669902324183.0,9119335805807.0,34550566518376.0,0.7911757223977806,0.2088242776022194,0.9376732495139136,0.6821511553061649,0.0402607862273611,0.0220866566625425,0.1057667092933251,0.0450459759907262,0.8419338383002098,-0.0474134292672873,-0.0599278111360566,0.0,0.0,True,False,True,False,False,True,True,True,True,False,True,True,5,4,High
00261285,036460,한국가스공사,전기·가스,2022,813274677818.0,-14580918441830.0,25091557359989.0,30634566494162.0,3503047801428.0,7622624303077.0,1497008012582.0,2463421952045.0,51724286632369.0,62424983096053.0,10410740312040.0,52014242784013.0,0.833227983481853,0.166772016518147,0.8190603044691582,0.570236012977074,0.0265476150273902,0.0239809117814026,0.1437945782636335,0.0476260208198481,0.7032224770215234,-0.2335750483006846,-0.2803254966601487,0.0,0.0,True,False,True,False,False,True,True,True,True,False,True,True,5,4,High
00261285,036460,한국가스공사,전기·가스,2023,780587620124.0,5885553657430.0,17430305322308.0,22566372249208.0,3030924823546.0,5043153969807.0,-747428633334.0,1553418857598.0,44555995015027.0,57254666338284.0,9826038102998.0,47428628235286.0,0.8283801350803138,0.1716198649196861,0.772401745828674,0.5489208108288538,0.0345907446488832,-0.0130544579356708,-0.076066124057259,0.0348644185159391,0.5125230574939148,0.1027960519873741,0.1240928501712655,0.0,0.0,True,False,True,True,False,True,False,True,True,True,True,False,5,4,High
00261285,036460,한국가스공사,전기·가스,2024,929109000000.0,3629763000000.0,16968511000000.0,21266507000000.0,3441017000000.0,4604801000000.0,1148985000000.0,3003363000000.0,38388740000000.0,57669637000000.0,10826356000000.0,46843281000000.0,0.8122693922973713,0.1877306077026286,0.7978983572619612,0.5813700388126738,0.0436888389804682,0.0199235691391641,0.1061285071357343,0.078235519061058,0.8728126016232992,0.0629406250641043,0.0774873775387338,0.0,0.0,True,False,True,False,False,True,False,True,True,False,True,False,5,3,High
00261285,036460,한국가스공사,전기·가스,2025,1147352000000.0,6539315000000.0,13634386000000.0,17237201000000.0,2317653000000.0,3345778000000.0,132251000000.0,2101151000000.0,35727336000000.0,53627847000000.0,10798925000000.0,42828922000000.0,0.7986321360244054,0.2013678639755946,0.7909860771479081,0.5968839140414967,0.066562546900741,0.0024660881873553,0.0122466819613989,0.0588107380858175,0.906585670935209,0.1219387942238292,0.1526845574119283,0.0,0.0,True,False,True,False,False,True,False,True,True,False,True,False,5,3,High
00261443,036570,NC,IT 서비스,2019,303443276788.0,392249235729.0,2087864326836.0,449764539269.0,,2073250460.0,359154722508.0,478992418793.0,1701185422583.0,3346377400385.0,2512165430801.0,834211969584.0,0.2492880717781634,0.7507119282218365,4.642127479034686,4.637517843816735,0.6746714120263567,0.107326424827839,0.1429661908823751,0.2815639097504847,,0.117216078402834,0.4702033176587056,0.0,0.0,False,False,False,False,False,,False,False,False,False,,False,4,,Insufficient data
00261443,036570,NC,IT 서비스,2020,157272936923.0,707646022942.0,2444363386090.0,509342417280.0,,714582529.0,586612599330.0,824793705694.0,2416184211886.0,4081208896622.0,3144687233156.0,936521663466.0,0.2294716313691159,0.770528368630884,4.799057182677688,4.797654231529782,0.3087764372008754,0.1437350094516203,0.1865408404196932,0.3413620955043784,,0.1733912771599894,0.7556109490548809,0.0,0.0,False,False,False,False,False,,False,False,False,False,,False,4,,Insufficient data
00261443,036570,NC,IT 서비스,2021,255942400609.0,391086720594.0,2452606472801.0,663360709369.0,,6377486648.0,395734616139.0,375213171049.0,2308817408865.0,4581889369472.0,3151226726374.0,1430662643098.0,0.3122429477739364,0.6877570522260636,3.697244105901239,3.687630201191588,0.385826891756156,0.0863693084288944,0.1255811309376514,0.1625131418397665,,0.0853549025429803,0.2733605455351298,0.0,0.0,False,False,False,False,False,,False,False,False,False,,False,4,,Insufficient data
00261443,036570,NC,IT 서비스,2022,285573838469.0,736014155699.0,2691079974940.0,515348529125.0,,1497165475.0,435990309263.0,559006120606.0,2571792281800.0,4437632450781.0,3198548842532.0,1239083608249.0,0.2792217746719713,0.7207782253280287,5.221864083922256,5.218958932572465,0.5541372922008143,0.098248404774097,0.1363087858673642,0.2173605250167214,,0.165857394424242,0.5939987832936406,0.0,0.0,False,False,False,False,False,,False,False,False,False,,False,4,,Insufficient data
00261443,036570,NC,IT 서비스,2023,365199572306.0,139905154853.0,2336838507769.0,614287467808.0,-28859135358.0,741514802.0,213914315973.0,137283512800.0,1779832977766.0,4393800423903.0,3253028540550.0,1140771883353.0,0.259632157425042,0.740367842574958,3.8041448511194367,3.802937737445694,0.5945092345920131,0.0486854875813818,0.0657585118932995,0.0771328065694763,,0.0318414905902172,0.1226407811189959,0.0,0.0,False,False,False,False,False,,False,False,False,False,,False,4,,Insufficient data
00261443,036570,NC,IT 서비스,2024,1260473495762.0,107041218268.0,1788536858276.0,322187630188.0,-40360543906.0,1052133087.0,94115833907.0,-109215374026.0,1578123132867.0,3953941191414.0,3063588634574.0,890352556840.0,0.2251810317192892,0.7748189682807108,5.551227578887399,5.547961987696372,3.9122342934969287,0.0238030434320502,0.0307207804745257,-0.0692058634408246,,0.0270720309397723,0.120223407509387,0.0,0.0,False,False,False,False,True,,False,False,False,True,,False,4,,Insufficient data
00261443,036570,NC,IT 서비스,2025,503522487163.0,161967521188.0,2266589528444.0,641189944715.0,-46520277011.0,1291590997.0,347421554268.0,16078426029.0,1506925065850.0,4333140469623.0,3370430829195.0,962709640428.0,0.2221736514606367,0.7778263485393633,3.534973602013468,3.5329592363677715,0.785293798371727,0.0801777733040413,0.1030792714268457,0.0106696918070911,,0.0373787838920651,0.168241299750559,0.0,0.0,False,False,False,False,False,,False,False,False,False,,False,4,,Insufficient data
00266961,035420,NAVER,IT 서비스,2019,3740513761418.0,1356843480419.0,5643714459664.0,3773118830740.0,166169887339.0,55114731809.0,396821062465.0,710070173513.0,6593400065244.0,12299527120786.0,6503926068580.0,5795601052206.0,0.471205193117671,0.5287948068823289,1.4957690740307616,1.481161865967243,0.9913585893303009,0.0322631153676127,0.0610125420062835,0.1076940829445517,4.273157940249424,0.1103167192603654,0.2341160939472429,0.0,0.0,False,False,False,False,False,False,False,False,False,False,False,False,5,0,Low
00266961,035420,NAVER,IT 서비스,2020,1600304349922.0,1447212217640.0,10544659200319.0,7911751492331.0,146432800279.0,4344942323.0,844996977149.0,1215342457273.0,5304145900386.0,17014238663770.0,8255132035213.0,8759106628557.0,0.5148103774521854,0.4851896225478146,1.3327844296601232,1.3322352538768327,0.2022692891040881,0.0496641074483297,0.1023602013322852,0.2291306612030705,8.299660014405207,0.0850588878079912,0.1652237241777267,0.0,0.0,False,False,False,False,False,False,False,False,False,False,False,False,5,0,Low
00266961,035420,NAVER,IT 서비스,2021,2781395543827.0,1379905728836.0,5527878425552.0,3923319146652.0,349334091066.0,6139904767.0,16477625559645.0,1325478171117.0,6817599707250.0,33691006757040.0,24027376349275.0,9663630407765.0,0.2868311557874627,0.7131688442125372,1.408980054622695,1.4074150774853549,0.7089394056052079,0.4890808303376648,0.6857854690465276,0.1944200639570338,3.794299511600133,0.0409576875748201,0.1427937194004446,0.0,0.0,False,False,False,False,False,False,False,False,False,False,False,False,5,0,Low
00266961,035420,NAVER,IT 서비스,2022,2724168321708.0,1453390444990.0,6439570710743.0,5480633710849.0,931522674095.0,8651839041.0,673180300087.0,1304664410543.0,8220078708810.0,33899042889136.0,23450322480451.0,10448720408685.0,0.3082305433476889,0.691769456652311,1.1749682701830209,1.173389649991003,0.4970535280099938,0.0198583866302237,0.0287066542751463,0.1587167783618306,1.400571823772854,0.0428740849629056,0.1390974576927083,0.0,0.0,False,False,False,False,False,False,False,False,False,False,False,False,5,0,Low
00266961,035420,NAVER,IT 서비스,2023,3576456533329.0,2002233273518.0,7028076457880.0,6305568632198.0,682767513153.0,14811319796.0,985017762493.0,1488820269608.0,9670643576585.0,35737826964395.0,24237998815553.0,11499828148842.0,0.3217830832383593,0.6782169167616406,1.1145825012501922,1.1122335743476497,0.5671901682374229,0.0275623295024164,0.0406394013791656,0.1539525531902343,2.1805669439845965,0.0560256021025786,0.1741098429996642,0.0,0.0,False,False,False,False,False,False,False,False,False,False,False,False,5,0,Low
00266961,035420,NAVER,IT 서비스,2024,4195524637851.0,2589874337746.0,9374912034828.0,6092160669672.0,578866062461.0,21743796031.0,1931976372953.0,1979263438827.0,10737719264647.0,38167876036020.0,27000911848337.0,11166964187683.0,0.292574943838752,0.707425056161248,1.5388484551135029,1.535279311551803,0.6886759665970671,0.0506178643823341,0.0715522640051873,0.1843281045113138,3.419207943219765,0.0678548194639353,0.2319228658942592,0.0,0.0,False,False,False,False,False,False,False,False,False,False,False,False,5,0,Low
00266961,035420,NAVER,IT 서비스,2025,5984018799741.0,3095806604677.0,10928462735839.0,8018876510291.0,561520268279.0,20235420058.0,1818746310015.0,2208138388720.0,12035007218975.0,41084496327318.0,28953013365595.0,12131482961723.0,0.2952812872542508,0.7047187127457492,1.3628421290456327,1.3603186558343878,0.7462415454411137,0.0442684339008356,0.062817168183821,0.1834762828591027,3.9324286467658767,0.07535218589545,0.2551878129363759,0.0,0.0,False,False,False,False,False,False,False,False,False,False,False,False,5,0,Low
00302926,064350,현대로템,운송장비·부품,2019,382485797000.0,-200921636000.0,2709164826000.0,2291969582000.0,58207255000.0,264445883000.0,-355687197000.0,-279932221000.0,2459346162000.0,4084281234000.0,882880161000.0,3201401072000.0,0.7838346305219196,0.2161653692332392,1.1820247734858464,1.0666454573392328,0.1668808347213047,-0.0870868524035629,-0.4028714345524862,-0.1138238387606047,-4.809232474542907,-0.0491938787974266,-0.0627605324922562,1000.0,2.448411220254379e-10,False,False,True,True,True,True,True,False,True,True,True,True,5,4,High
00302926,064350,현대로템,운송장비·부품,2020,338727778000.0,56422151000.0,2778276487000.0,2230340459000.0,62967431000.0,250962485000.0,22409492000.0,82061321000.0,2785326054000.0,4197373871000.0,1346151461000.0,2851222410000.0,0.6792872156801016,0.3207127843198984,1.2456737157723776,1.1331516638195909,0.1518726778385541,0.0053389316007394,0.0166470806957732,0.0294620160832344,1.303234381596416,0.0134422504961555,0.019788758254043,0.0,0.0,False,False,False,False,False,False,False,False,False,False,False,False,5,0,Low
00302926,064350,현대로템,운송장비·부품,2021,319728259000.0,-62713815000.0,2679753273000.0,2090669005000.0,59731659000.0,262147020000.0,51411601000.0,80217965000.0,2872511952000.0,4107182672000.0,1268245101000.0,2838937571000.0,0.6912128818506079,0.3087871181493921,1.2817683079393047,1.1563792485649826,0.1529310752851573,0.012517485854839,0.0405375908485374,0.0279260683124913,1.3429723256137922,-0.0152693025872797,-0.0220905931995924,0.0,0.0,False,False,False,False,False,False,True,False,False,False,False,True,5,1,Watch
00302926,064350,현대로템,운송장비·부품,2022,506008248000.0,716229388000.0,3318550172000.0,2572729120000.0,76639752000.0,235504483000.0,194534253000.0,147486669000.0,3163343615000.0,4823869784000.0,1491470592000.0,3332399192000.0,0.690814499813621,0.3091855001863789,1.289894900400552,1.1983561211450042,0.1966815099445836,0.0403274262595642,0.1304311691048079,0.0466236637400518,1.9244147475842563,0.1484761032264215,0.2149290486324184,0.0,0.0,False,False,False,False,False,False,False,False,False,False,False,False,5,0,Low
00302926,064350,현대로템,운송장비·부품,2023,396141243000.0,734191933000.0,3690167249000.0,3204670379000.0,47230751000.0,268698882000.0,156778978000.0,210046594000.0,3587382453000.0,5241484775000.0,1646976156000.0,3594508619000.0,0.6857806086062703,0.3142193913937297,1.1514966634888348,1.0676506355913118,0.1236137250170526,0.0299111768382461,0.0951920144252531,0.0585514917218668,4.447242306183105,0.1400732739894298,0.2042537689627946,0.0,0.0,False,False,False,False,False,False,False,False,False,False,False,False,5,0,Low
00302926,064350,현대로템,운송장비·부품,2024,472258339000.0,142463409000.0,3686316730000.0,3019853718000.0,51904505000.0,315635860000.0,405259414000.0,456565534000.0,4376597857000.0,5285394740000.0,2009085189000.0,3276309551000.0,0.6198798220698271,0.3801201779301729,1.2206938064673505,1.1161735583114096,0.1563845083571693,0.0766753353222582,0.2017134047967938,0.1043197362238255,8.796260247544987,0.0269541663410366,0.0434828903625779,0.0,0.0,False,False,False,False,False,False,False,False,False,False,False,False,5,0,Low
00302926,064350,현대로템,운송장비·부품,2025,908414081000.0,904313494000.0,7163040505000.0,5776355182000.0,57400979000.0,502970368000.0,770492199000.0,1005640509000.0,5839031553000.0,9318033774000.0,3041233616000.0,6276800158000.0,0.6736185240618124,0.3263814759381875,1.240062336769235,1.1529883338465388,0.1572642353833705,0.0826882814215479,0.253348573732193,0.1722272777380896,17.519570685371065,0.0970498193002149,0.1440723730621598,0.0,0.0,False,False,False,False,False,False,False,False,False,False,False,False,5,0,Low
00309503,047810,한국항공우주,운송장비·부품,2019,69400512306.0,354538677109.0,2654780535569.0,2202891767366.0,47306705899.0,1200362206203.0,168292166221.0,275564427840.0,3110157574663.0,4367135608525.0,1183160662241.0,3183974946284.0,0.7290762714280328,0.2709237285719672,1.205134348812481,0.6602314062415556,0.0315042769391172,0.0385360523022184,0.142239487494658,0.0886014361731683,5.82506058291886,0.0811833450779297,0.1113509632111836,0.0,0.0,False,False,False,False,False,False,False,False,False,False,False,False,5,0,Low
00309503,047810,한국항공우주,운송장비·부품,2020,661887560788.0,732407852813.0,3152282137645.0,2623416808808.0,82232959899.0,1197136963051.0,72313949881.0,139524243361.0,2825136012824.0,5159070657348.0,1234279919655.0,3924790737693.0,0.7607553759906291,0.2392446240093708,1.2015940917437744,0.7452666949566271,0.2522998093805541,0.0140168558804295,0.0585879659301375,0.0493867349138818,1.6966948962115214,0.1419650750023825,0.1866106760238409,0.0,0.0,False,False,True,False,False,False,False,False,True,False,False,False,5,1,Watch
00309503,047810,한국항공우주,운송장비·부품,2021,886586722282.0,439964696155.0,3680987114670.0,2800069609107.0,46623624000.0,1324665604925.0,53272528569.0,58259436460.0,2562283675152.0,5855223992714.0,1297444007438.0,4557779985276.0,0.7784125749838972,0.2215874250161028,1.3146055736249866,0.8415224757560508,0.3166302435476776,0.0090982904557178,0.0410595973803869,0.0227373093092605,1.249569026637655,0.0751405406014311,0.0965304814133887,0.0,0.0,False,False,True,False,False,False,False,False,True,False,False,False,5,1,Watch
00309503,047810,한국항공우주,운송장비·부품,2022,2023716102131.0,1492635299719.0,5389183373767.0,5055361234345.0,132310966928.0,1593078711223.0,115919395720.0,141617667318.0,2786888282702.0,7772406693424.0,1453216825866.0,6319189867558.0,0.8130287202938669,0.1869712797061331,1.0660332909850412,0.7509067080615544,0.4003108795435473,0.0149142215908588,0.0797674467132056,0.0508156958414909,1.070339599249278,0.1920428714804481,0.2362067497579111,0.0,0.0,False,False,True,False,False,False,False,False,True,False,False,False,5,1,Watch
00309503,047810,한국항공우주,운송장비·부품,2023,658119624499.0,-700407274159.0,4680966964634.0,4400307820313.0,87591601007.0,1736483586736.0,221401119895.0,247510483155.0,3819344382446.0,7139576928721.0,1619940517277.0,5519636411444.0,0.7731041301956809,0.226895869804319,1.0637817070490847,0.6691539542541719,0.1495621786868962,0.0310103976895816,0.1366723762593202,0.0648044424306373,2.825733064694409,-0.0981020697937171,-0.1268937339254499,0.0,0.0,False,False,True,False,False,False,True,False,True,False,False,True,5,2,Moderate
00309503,047810,한국항공우주,운송장비·부품,2024,114716160403.0,-728182360450.0,5439008063568.0,4914742846130.0,143909460657.0,2359034707814.0,170895410977.0,240718310400.0,3633742105840.0,8025538409393.0,1727176882121.0,6298361527272.0,0.784789905173274,0.2152100948267261,1.1066719529081406,0.6266804697989954,0.0233412335079404,0.0212939496715866,0.098944938845602,0.0662452929758354,1.6727066400015105,-0.0907331475228806,-0.1156145701222388,0.0,0.0,False,False,True,False,False,False,True,False,True,False,False,True,5,2,Moderate
00309503,047810,한국항공우주,운송장비·부품,2025,60938581663.0,-903316343552.0,7595249864608.0,6351261361490.0,177419901391.0,3637049615737.0,187312615904.0,269190196660.0,3696379351601.0,10370256890187.0,1897346862036.0,8472910028151.0,0.8170395505022261,0.1829604494977738,1.195864794773012,0.6232148267226102,0.0095947211419282,0.0180624856151101,0.098723443589539,0.072825370735665,1.517249161731612,-0.0871064577394197,-0.1066122902935068,0.0,0.0,False,False,True,False,False,False,True,False,True,False,False,True,5,2,Moderate
00339391,272210,한화시스템,전기·전자,2019,564017008354.0,408620564116.0,1524614486812.0,1170276823296.0,5105742470.0,281400053767.0,72896109675.0,85761981610.0,1545983879623.0,2409244539695.0,968440589019.0,1440803950676.0,0.5980314272532914,0.4019685727467085,1.3027810655243377,1.0623250912066913,0.4819517887789035,0.0302568329922326,0.0752716382414759,0.0554740464893551,16.79716164963565,0.169605267287533,0.2836059436985041,0.0,0.0,False,False,False,False,False,False,False,False,False,False,False,False,5,0,Low
00339391,272210,한화시스템,전기·전자,2020,539872668521.0,174791239735.0,1683884267079.0,1359777605909.0,8682514526.0,363887889352.0,93580544300.0,92863410171.0,1642854571594.0,2695070123421.0,1032682379959.0,1662387743462.0,0.6168254135635775,0.3831745864364225,1.238352698089433,0.9707443128868072,0.3970301218191482,0.0347228606360761,0.0906189028844622,0.0565256424863572,10.695451172919812,0.0648559153307402,0.1051446874668295,0.0,0.0,False,False,False,False,False,False,False,False,False,False,False,False,5,0,Low
00339391,272210,한화시스템,전기·전자,2021,1636831207731.0,316513819517.0,2676109373359.0,1363163303302.0,4434188806.0,406045060278.0,97878482869.0,112049712222.0,2089503039125.0,3894302649982.0,2239761486828.0,1654541163154.0,0.4248619873346637,0.5751380126653363,1.963161249189031,1.665291537398496,1.200759442222434,0.0251337637739718,0.043700404460306,0.0536250534811004,25.269495081125783,0.0812761225731808,0.19130005742114,0.0,0.0,False,False,False,False,False,False,False,False,False,False,False,False,5,0,Low
00339391,272210,한화시스템,전기·전자,2022,1228217655059.0,268585088688.0,2326839782700.0,1618535589452.0,12614655192.0,372962715500.0,-80760193717.0,24022201122.0,2188002345349.0,3945627700263.0,2018952014723.0,1926675685540.0,0.4883065083437992,0.5116934916562008,1.4376204007276825,1.207188201441736,0.758845009688571,-0.0204682752282018,-0.0400010466460146,0.0109790563858688,1.90430897685055,0.068071574180731,0.1394033727127885,0.0,0.0,False,False,False,True,False,False,False,False,False,True,False,False,5,1,Watch
00339391,272210,한화시스템,전기·전자,2023,476088816048.0,83363237049.0,1890139661377.0,1951414761805.0,17784886608.0,501085247270.0,343083288939.0,92870721114.0,2453079541922.0,4483210824746.0,2154126164004.0,2329084660742.0,0.5195126331972033,0.4804873668027967,0.9685996531197076,0.7118191587431503,0.2439711051522599,0.0765262447720016,0.1592679642780491,0.0378588299021218,5.221889976640328,0.0185945386705571,0.0357922743016314,0.0,0.0,True,False,False,False,False,False,False,True,False,False,False,False,5,1,Watch
00339391,272210,한화시스템,전기·전자,2024,199842738640.0,132623693858.0,2286147317733.0,2677051475212.0,39407264646.0,610096270571.0,445378843124.0,219345297682.0,2803686058274.0,5724010115718.0,2416416895456.0,3307593220262.0,0.577845453343876,0.4221545466561239,0.853979588701019,0.6260809934666164,0.0746503160250865,0.0778088847014787,0.184313743196185,0.0782346144050924,5.56611324466197,0.0231697168902302,0.0400967365169211,0.0,0.0,True,False,False,False,False,False,False,True,False,False,False,False,5,1,Watch
00339391,272210,한화시스템,전기·전자,2025,325483658125.0,78736816771.0,2928529633577.0,3334859793337.0,46451559221.0,810743032914.0,209145275418.0,119898725355.0,3664150568020.0,10327265554498.0,5000999101579.0,5326266452919.0,0.5157479900959036,0.4842520099040965,0.8781567487269355,0.6350451688836533,0.0976004025042706,0.0202517572840864,0.041820698458427,0.0327221065644662,2.581156098217597,0.0076241688911259,0.0147827408686715,0.0,0.0,True,False,False,False,False,False,False,True,False,False,False,False,5,1,Watch
00356361,051910,LG화학,화학,2019,1888631000000.0,3121101000000.0,11869724000000.0,8941529000000.0,436809000000.0,5033721000000.0,376104000000.0,895648000000.0,28625042000000.0,34024426000000.0,17383789000000.0,16640637000000.0,0.4890791397921011,0.5109208602078988,1.3274825815584783,0.7645228237810334,0.2112201391954329,0.0110539410716289,0.0216353293289512,0.0312889671917337,2.050433942524078,0.0917311874710244,0.1875589858729566,0.0,0.0,False,False,False,False,False,False,False,False,False,False,False,False,5,0,Low
00356361,051910,LG화학,화학,2020,3274250000000.0,5840832000000.0,16319700000000.0,12624219000000.0,1109585000000.0,5349688000000.0,682408000000.0,1798159000000.0,30076510000000.0,41388894000000.0,18790440000000.0,22598454000000.0,0.5460028480103866,0.4539971519896134,1.29272947498772,0.8689655970004956,0.259362579182126,0.0164877080310481,0.0363167653338612,0.0597861586999289,1.6205689514548232,0.1411207557273697,0.2584615744068156,0.0,0.0,False,False,False,False,False,False,False,False,False,False,False,False,5,0,Low
00356361,051910,LG화학,화학,2021,3760834000000.0,5509816000000.0,20413820000000.0,15062096000000.0,660789000000.0,8283474000000.0,3953904000000.0,5025466000000.0,42654722000000.0,51135302000000.0,23209988000000.0,27925314000000.0,0.5461063669869398,0.4538936330130601,1.3553107084166771,0.805355775185605,0.2496886223537547,0.0773223946149765,0.1703535564085599,0.1178173427082703,7.605250692732476,0.1077497498694737,0.1973054268969007,0.0,0.0,False,False,False,False,False,False,False,False,False,False,False,False,5,0,Low
00356361,051910,LG화학,화학,2022,8497882000000.0,569880000000.0,29674369000000.0,16459563000000.0,1220692000000.0,11880631000000.0,2195518000000.0,2995698000000.0,51864888000000.0,67973823000000.0,37481127000000.0,30492696000000.0,0.4485946891643861,0.5514053108356138,1.802864936329112,1.0810577413264253,0.516288433660116,0.0322994632801512,0.0585766271115593,0.0577596542770901,2.4540981672690574,0.0083838156344391,0.0186890657356109,0.0,0.0,False,False,False,False,False,False,False,False,False,False,False,False,5,0,Low
00356361,051910,LG화학,화학,2023,9084899000000.0,7536462000000.0,28859296000000.0,18390839000000.0,1665265000000.0,9375327000000.0,2053425000000.0,2529196000000.0,55249785000000.0,77466694000000.0,40938185000000.0,36528509000000.0,0.4715382458427876,0.5284617541572124,1.5692212845754343,1.059438832562234,0.4939904590540975,0.0265071980482347,0.0501591606955706,0.0457774813060358,1.5187949065163804,0.0972864803033933,0.2063172630451464,0.0,0.0,False,False,False,False,False,False,False,False,False,False,False,False,5,0,Low
00356361,051910,LG화학,화학,2024,7854877000000.0,7012339000000.0,27815627000000.0,21085717000000.0,2714967000000.0,8847433000000.0,515011000000.0,916798000000.0,48916104000000.0,93857762000000.0,47995463000000.0,45862299000000.0,0.4886361875962906,0.5113638124037093,1.319169132356277,0.8995754804069503,0.3725212189843959,0.0054871434074893,0.0107304100806361,0.0187422530625088,0.3376829257961515,0.0747124036475534,0.1528998578985323,0.0,0.0,False,False,False,False,False,True,False,False,False,False,True,False,5,1,Watch
00356361,051910,LG화학,화학,2025,9899926000000.0,8233859000000.0,32526899000000.0,26137148000000.0,2158318000000.0,8177310000000.0,-977063000000.0,1180900000000.0,45932167000000.0,101061661000000.0,47105545000000.0,53956116000000.0,0.5338930259616453,0.4661069740383546,1.2444700929114378,0.9316084907197985,0.3787684103866267,-0.0096679887341253,-0.0207419954487311,0.0257096513648049,0.5471390221459488,0.081473616389503,0.1526028856487742,0.0,0.0,False,False,False,True,False,True,False,False,False,True,True,False,5,2,Moderate
00356370,051900,LG생활건강,화학,2019,647104059171.0,1139641474935.0,2163074840988.0,1771203779670.0,17773035035.0,746323199447.0,788173092234.0,1176411246904.0,7685424230297.0,6493669662971.0,4237087665136.0,2256581997835.0,0.3475048955296816,0.6524951044703184,1.2212456103673237,0.7998806561969739,0.3653470405825153,0.1213756062659635,0.1860176504534752,0.1530704371876343,66.19079096999035,0.1755003771493957,0.5050299417563332,0.0,0.0,False,False,False,False,False,False,False,False,False,False,False,False,5,0,Low
00356370,051900,LG생활건강,화학,2020,434105464098.0,1004842472035.0,1982768917805.0,1479723875311.0,21616953222.0,808965987719.0,813101140024.0,1220864731311.0,7844506057131.0,6801415783710.0,4849195698865.0,1952220084845.0,0.2870314280036727,0.7129685719963273,1.339958725331963,0.7932580866408584,0.2933692368833085,0.1195488065839835,0.1676775264430581,0.1556330917994741,56.47718800947868,0.1477401917467959,0.514717822972701,0.0,0.0,False,False,False,False,False,False,False,False,False,False,False,False,5,0,Low
00356370,051900,LG생활건강,화학,2021,734520611733.0,984481666368.0,2472884295774.0,1525844759254.0,22886303361.0,1000655942465.0,861127851880.0,1289630423605.0,8091511297961.0,7555239417717.0,5497832811356.0,2057406606361.0,0.2723152096989,0.7276847903011,1.6206657202683037,0.9648611658428388,0.4813862008426821,0.113977572949,0.1566304180988015,0.1593806615495892,56.34944198994706,0.130304496249238,0.4785061267540517,0.0,0.0,False,False,False,False,False,False,False,False,False,False,False,False,5,0,Low
00356370,051900,LG생활건강,화학,2022,655092563078.0,497299483100.0,2284388637755.0,1162757522705.0,27261631668.0,955432614662.0,258340046881.0,711122934369.0,7185759184335.0,7302929652203.0,5468835988249.0,1834093663954.0,0.2511449173552874,0.7488550826447127,1.9646302803018425,1.1429347883308991,0.5633956781926593,0.0353748508043027,0.0472385800993302,0.0989628118792586,26.08512003350569,0.068095888469908,0.2711418140052374,0.0,0.0,False,False,False,False,False,False,False,False,False,False,False,False,5,0,Low
00356370,051900,LG생활건강,화학,2023,910348037982.0,659061627244.0,2429583603574.0,1089658847771.0,39052274245.0,884515142151.0,163524219980.0,486981224742.0,6804839370129.0,7220285811725.0,5548926465800.0,1671359345925.0,0.2314810506823545,0.7685189493176455,2.2296736345911774,1.4179377927170356,0.8354431663122847,0.0226478873889525,0.029469523697576,0.0715639559222642,12.469983737358136,0.0912791604694861,0.3943267070907769,0.0,0.0,False,False,False,False,False,False,False,False,False,False,False,False,5,0,Low
00356370,051900,LG생활건강,화학,2024,1253469878367.0,527630110092.0,2856048500735.0,1295900316472.0,21136677993.0,922418157031.0,203887730139.0,459045912180.0,6811918756741.0,7405784092201.0,5685920091079.0,1719864001122.0,0.2322325333428477,0.7677674666571522,2.2039106437680305,1.4921134898463304,0.9672579460274277,0.0275308768930643,0.0358583530674116,0.0673886357974738,21.7179782145532,0.071245678178445,0.3067859492074874,0.0,0.0,False,False,False,False,False,False,False,False,False,False,False,False,5,0,Low
00356370,051900,LG생활건강,화학,2025,1086333734803.0,446433049589.0,2635393494720.0,945031595946.0,38737736100.0,832397070629.0,-85778983809.0,170688596929.0,6355489977342.0,6869383558281.0,5570301328895.0,1299082229386.0,0.1891119076936626,0.8108880923063374,2.788682945655278,1.907868934568432,1.1495210736478636,-0.0124871443094182,-0.0153993435443134,0.0268568745348546,4.406261545289427,0.0649888080642735,0.3436526491475468,0.0,0.0,False,False,False,True,False,False,False,False,False,True,False,False,5,1,Watch
00360595,086280,현대글로비스,운송·창고,2019,689790082613.0,,5054300918433.0,3413465073270.0,103507833178.0,1033140640024.0,502322713669.0,876537578535.0,18270050465618.0,10129735810035.0,4670280114445.0,5459455695590.0,0.5389534137881071,0.4610465862118929,1.4806950737571565,1.1780288334858648,0.2020791388828247,0.0495889254260091,0.1075572987828577,0.0479767464345288,8.468321204518299,,,0.0,0.0,False,False,False,False,False,False,,False,False,False,False,,4,,Insufficient data
00360595,086280,현대글로비스,운송·창고,2020,1401146644297.0,,5950125369972.0,3547701852658.0,84795541214.0,1115337770558.0,606142677103.0,662150585636.0,16519884633100.0,10898704436618.0,5066368653160.0,5832335783458.0,0.5351402836342853,0.4648597163657147,1.6771774002130595,1.3627942257300154,0.3949448692390079,0.0556160303849008,0.1196404601794889,0.0400820344900765,7.808790133963753,,,0.0,0.0,False,False,False,False,False,False,,False,False,False,False,,4,,Insufficient data
00360595,086280,현대글로비스,운송·창고,2021,1645326172902.0,,6968211360179.0,3942961992175.0,71354756045.0,1370430331304.0,783175862240.0,1126245705403.0,21779581931003.0,12170928242765.0,5812412135354.0,6358516107411.0,0.5224347708393413,0.4775652291606587,1.767252987476865,1.4196893198524534,0.4172817734909009,0.0643480798356985,0.1347419701153558,0.051711080082754,15.78375104656978,,,0.0,0.0,False,False,False,False,False,False,,False,False,False,False,,4,,Insufficient data
00360595,086280,현대글로비스,운송·창고,2022,2059783220532.0,1558795160495.0,8181858080896.0,4343758217774.0,119307174672.0,1452283025275.0,1192805576043.0,1798516596130.0,26981880971123.0,13877784500296.0,6879612287958.0,6998172212338.0,0.5042715724681224,0.4957284275318776,1.8835896637656024,1.549251758093855,0.4741938011429087,0.0859507204494751,0.1733826742141958,0.0666564572742292,15.074672592612243,0.1123230556333939,0.2227431839626345,0.0,0.0,False,False,False,False,False,False,False,False,False,False,False,False,5,0,Low
00360595,086280,현대글로비스,운송·창고,2023,2290825257508.0,2242261540033.0,8771518130998.0,4467588471380.0,194221901688.0,1347612791030.0,1070090664293.0,1554032510087.0,25683197164064.0,14725019903938.0,7783923620253.0,6941096283685.0,0.4713811138434319,0.528618886156568,1.963367527512791,1.6617254224570104,0.5127655047422897,0.0726715937413992,0.1374744558783606,0.0605077514360792,8.001324755760107,0.1522756203156872,0.323041411383879,0.0,0.0,False,False,False,False,False,False,False,False,False,False,False,False,5,0,Low
00360595,086280,현대글로비스,운송·창고,2024,3276544918383.0,2122406804062.0,9861432178173.0,5310609012498.0,189184306474.0,1724329452925.0,1099486986046.0,1752867442226.0,28407374301315.0,16849145438725.0,8809364261941.0,8039781176784.0,0.4771625484522129,0.522837451547787,1.856930562006181,1.5322353248183256,0.616981011155589,0.0652547626254687,0.1248088912381681,0.0617046624455136,9.265395607573296,0.1259652492039148,0.2639881306957394,0.0,0.0,False,False,False,False,False,False,False,False,False,False,False,False,5,0,Low
00360595,086280,현대글로비스,운송·창고,2025,2644639919844.0,2500761317215.0,10338745413583.0,5158244813294.0,171764557042.0,1750341001071.0,1734697253045.0,2073007545910.0,29566409336616.0,18587219950287.0,10388453580786.0,8198766369501.0,0.4410969683163622,0.5589030316836379,2.0043146046379268,1.664985808811881,0.5127015129309385,0.0933274183920234,0.1669832029911954,0.0701136050140089,12.068890006237472,0.1345419769015207,0.3050167799045606,0.0,0.0,False,False,False,False,False,False,False,False,False,False,False,False,5,0,Low
00362441,307950,현대오토에버,IT 서비스,2019,65862698470.0,80202344907.0,739052459114.0,398793805871.0,3943803629.0,4840183226.0,56872512361.0,80212335242.0,1571817874618.0,1026696505989.0,515010800634.0,511685705355.0,0.4983806824803611,0.5016193175196388,1.8532195039986787,1.8410824468158855,0.1651547679537053,0.0553936942701637,0.1104297468926623,0.051031570856448,20.33882586145366,0.0781168967062397,0.1567414216728153,0.0,0.0,False,False,False,False,False,False,False,False,False,False,False,False,5,0,Low
00362441,307950,현대오토에버,IT 서비스,2020,95109207516.0,115616622185.0,797279633008.0,417384036610.0,3985551893.0,4394700758.0,60786032656.0,86813994800.0,1562592548507.0,1077027006934.0,562381230132.0,514645776802.0,0.477839249609028,0.522160750390972,1.9101823813951253,1.8996532274924176,0.2278697774080641,0.0564387264800732,0.1080868802142143,0.0555576659334178,21.78217650420641,0.1073479322622825,0.2246528144142942,0.0,0.0,False,False,False,False,False,False,False,False,False,False,False,False,5,0,Low
00362441,307950,현대오토에버,IT 서비스,2021,140294947136.0,219887129680.0,1471052290897.0,721374123011.0,5297952995.0,3378635997.0,71368214141.0,96106277138.0,2070382112277.0,2346122844458.0,1375821355103.0,970301489355.0,0.4135765915442329,0.5864234084557671,2.0392362908124007,2.0345526795083275,0.1944829217749202,0.0304196407743889,0.0518731693444728,0.0464195843695261,18.14026610441832,0.0937236215910076,0.2266173267714637,0.0,0.0,False,False,False,False,False,False,False,False,False,False,False,False,5,0,Low
00362441,307950,현대오토에버,IT 서비스,2022,559531531699.0,201278094628.0,1695856233152.0,883697779686.0,6008904401.0,7758799639.0,116170013150.0,142362193871.0,2754508002996.0,2619436326622.0,1490380825529.0,1129055501093.0,0.4310299470226173,0.5689700529773827,1.919045483801691,1.9102655594685587,0.6331706886236781,0.0443492410826461,0.0779465296118301,0.0516833473404893,23.69187199039281,0.0768402318400945,0.1782712138005169,0.0,0.0,False,False,False,False,False,False,False,False,False,False,False,False,5,0,Low
00362441,307950,현대오토에버,IT 서비스,2023,482644959000.0,208891592000.0,1833666781000.0,922946477000.0,6067901000.0,4835690000.0,140312627000.0,181413573000.0,3065015134000.0,2843057165000.0,1592312483000.0,1250744682000.0,0.4399294876647336,0.5600705123352664,1.986753107244376,1.9815137026629552,0.5229392722412439,0.0493527280166383,0.0881187759927898,0.0591884754458768,29.8972532676456,0.0734742848549089,0.1670137758778813,0.0,0.0,False,False,False,False,False,False,False,False,False,False,False,False,5,0,Low
00362441,307950,현대오토에버,IT 서비스,2024,382498198000.0,255982289000.0,2215496769000.0,1242253167000.0,11461254000.0,3481776000.0,175182500000.0,224434118000.0,3713617277000.0,3349516801000.0,1730526263000.0,1618990538000.0,0.483350475363088,0.5166495246369119,1.783450288438669,1.7806474974356012,0.3079068004501211,0.0523008273753692,0.1012307664700261,0.0604354464284769,19.581986229430044,0.0764236468148409,0.158112282309089,0.0,0.0,False,False,False,False,False,False,False,False,False,False,False,False,5,0,Low
00362441,307950,현대오토에버,IT 서비스,2025,301124937000.0,423608443000.0,2334889228000.0,1342356441000.0,11892541000.0,2346383000.0,186789322000.0,255302187000.0,4252067261000.0,3605190886000.0,1874718905000.0,1730471981000.0,0.4799945511123762,0.5200054488876238,1.739395853951134,1.7376478957126709,0.2243256171033636,0.0518112155240814,0.0996359088830973,0.0600418975827673,21.46742121805592,0.1174995877874301,0.2447935867503653,0.0,0.0,False,False,False,False,False,False,False,False,False,False,False,False,5,0,Low
00398701,066970,엘앤에프,전기·전자,2019,828386414.0,-25334745006.0,206225288157.0,187498227371.0,4772041320.0,138611898429.0,-8809230051.0,-7662576802.0,313264234672.0,416201278724.0,131820532562.0,284380746162.0,0.6832769640541745,0.3167230359458255,1.0998786017797653,0.3606081544131848,0.0044181026435033,-0.0211657928538988,-0.0668274500169895,-0.0244604265470107,-1.6057230623476664,-0.0608713771463458,-0.0890874130823464,0.0,0.0,False,True,False,True,True,True,True,True,False,True,True,True,5,4,High
00398701,066970,엘앤에프,전기·전자,2020,21225332229.0,45268961748.0,212043543708.0,158120232264.0,17047005949.0,105275505294.0,-15018130143.0,1470005055.0,356105956054.0,466217399194.0,197605845820.0,268611553374.0,0.5761508554557973,0.4238491445442028,1.341027271917795,0.6752332505794605,0.1342353974889301,-0.0322127191498289,-0.0760004345047569,0.0041279990688419,0.086232448055562,0.0970983962122848,0.168529466359066,0.0,0.0,False,False,False,True,False,True,False,False,False,True,True,False,5,2,Moderate
00398701,066970,엘앤에프,전기·전자,2021,271776317720.0,-138078706855.0,1070617278632.0,398276731074.0,181473645303.0,261549650618.0,-112263172018.0,44252213145.0,970760874482.0,1532199428137.0,635190355556.0,897009072581.0,0.5854388509149051,0.4145611490850949,2.6881240984000114,2.031420780802971,0.682380607541704,-0.0732692950776653,-0.1767394152572308,0.0455850810516164,0.2438492546458394,-0.0901179731041211,-0.1539323414619438,0.0,0.0,False,False,False,True,False,True,True,False,False,True,True,True,5,3,High
00398701,066970,엘앤에프,전기·전자,2022,120198626403.0,-864287525947.0,2302551789075.0,1287536919484.0,26027787602.0,1227669369621.0,271012385909.0,266321029961.0,3887293713353.0,3023932974764.0,1285330380477.0,1738602594287.0,0.574947463715755,0.425052536284245,1.7883384578966346,0.8348361924136323,0.0933554794305793,0.0896224844170532,0.210850369699053,0.0685106528087078,10.232180853532691,-0.285815701988055,-0.4971162063067344,0.0,0.0,False,False,False,False,False,False,True,False,False,False,False,True,5,1,Watch
00398701,066970,엘앤에프,전기·전자,2023,241265504599.0,-374648857820.0,1969480525059.0,1747319185275.0,105838776880.0,1163373654088.0,-194922089742.0,-222296651919.0,4644090367589.0,3351444610588.0,1109988603801.0,2241456006787.0,0.6688029393968543,0.3311970606031457,1.1271441083324656,0.4613392205409407,0.1380775227744258,-0.0581606179992339,-0.1756072891870391,-0.0478665646711793,-2.100332774735671,-0.1117872742507503,-0.167145309426366,0.0,0.0,False,True,False,True,True,True,True,True,False,True,True,True,5,4,High
00398701,066970,엘앤에프,전기·전자,2024,279521440477.0,280519186689.0,1089837750806.0,1552202559623.0,244426724805.0,574563984034.0,-380729239417.0,-558685355192.0,1907478512809.0,2799831517733.0,723347931361.0,2076483586372.0,0.74164590734135,0.2583540926586499,0.7021234078306767,0.331962966803218,0.1800805176773386,-0.1359829107593135,-0.5263431647625604,-0.2928920831560331,-2.2856966873720985,0.1001914525614505,0.1350933802366908,0.0,0.0,True,True,False,True,True,True,False,True,False,True,True,False,5,3,High
00398701,066970,엘앤에프,전기·전자,2025,382883140911.0,-29205374598.0,1346612596636.0,2060463508384.0,430461397833.0,594884184426.0,-534701333152.0,-156849943423.0,2154938965103.0,3134104265112.0,676823890646.0,2457280374466.0,0.784045509212881,0.215954490787119,0.6535483842138676,0.3648346156829405,0.185823791274659,-0.170607385052294,-0.7900154538600137,-0.0727862579697253,-0.364376327848684,-0.0093185714729105,-0.0118852430929241,0.0,0.0,True,True,True,True,True,True,True,True,True,True,True,True,5,5,High
00401731,066570,LG전자,전기·전자,2019,4777368000000.0,3689164000000.0,19753485000000.0,17657916000000.0,714001000000.0,5863418000000.0,179948000000.0,2436139000000.0,62306175000000.0,44859875000000.0,16425138000000.0,28434737000000.0,0.6338568041038901,0.3661431958961098,1.1186758958418423,0.7866198366783487,0.2705510661620544,0.0040113352968549,0.0109556461565193,0.0390994793052213,3.411954605105595,0.0822375006617829,0.1297414496923252,0.0,0.0,False,False,False,False,False,False,False,False,False,False,False,False,5,0,Low
00401731,066570,LG전자,전기·전자,2020,5896309000000.0,4628576000000.0,23239420000000.0,20207492000000.0,1116043000000.0,7447157000000.0,2063790000000.0,3194987000000.0,63262046000000.0,48204227000000.0,17542125000000.0,30662102000000.0,0.636087412002271,0.3639125879977289,1.1500397971207907,0.7815053446513798,0.2917882634816829,0.04281346530046,0.117647662412621,0.0505040099398618,2.86278127276458,0.0960201270315982,0.1509542953056512,0.0,0.0,False,False,False,False,False,False,False,False,False,False,False,False,5,0,Low
00401731,066570,LG전자,전기·전자,2021,6051516000000.0,2677382000000.0,27487763000000.0,23619899000000.0,690401000000.0,9754018000000.0,1414972000000.0,3863774000000.0,74721629000000.0,53481478000000.0,20098033000000.0,33383445000000.0,0.6242057296920628,0.3757942703079373,1.163754468213433,0.7507968175477804,0.256204143802647,0.0264572344092659,0.070403506651621,0.0517089101470204,5.596420051535267,0.0500618550594282,0.0802008899920304,0.0,0.0,False,False,False,False,False,False,False,False,False,False,False,False,5,0,Low
00401731,066570,LG전자,전기·전자,2022,6322360000000.0,3107839000000.0,27488228000000.0,22332549000000.0,1231875000000.0,9388808000000.0,1863123000000.0,3550972000000.0,83467318000000.0,55156141000000.0,22491997000000.0,32664144000000.0,0.5922122796806978,0.4077877203193022,1.2308594061519802,0.8104502535738307,0.2831006885958249,0.033779067320899,0.0828349301309261,0.0425432622622425,2.882574936580416,0.0563462008699992,0.0951452761168331,0.0,0.0,False,False,False,False,False,False,False,False,False,False,False,False,5,0,Low
00401731,066570,LG전자,전기·전자,2023,8487563000000.0,5913596000000.0,30341209000000.0,24160380000000.0,1425480000000.0,9125404000000.0,1150611000000.0,3549074000000.0,84227765000000.0,60240793000000.0,23498536000000.0,36742257000000.0,0.6099231960641687,0.3900768039358313,1.2558249911632184,0.8781238126221524,0.3513008901350061,0.019100196771978,0.0489652206418306,0.0421366279872201,2.489739596486797,0.0981659720183298,0.1609480876474191,0.0,0.0,False,False,False,False,False,False,False,False,False,False,False,False,5,0,Low
00401731,066570,LG전자,전기·전자,2024,7573036000000.0,3842661000000.0,33923517000000.0,27307439000000.0,1132596000000.0,10729360000000.0,591365000000.0,3419675000000.0,87728182000000.0,65629589000000.0,25211664000000.0,40417925000000.0,0.6158491256131438,0.3841508743868562,1.242281160089747,0.8493713745913705,0.2773250175529093,0.0090106460974485,0.0234560082983812,0.0389803472731259,3.0193246312012403,0.0585507399718745,0.0950731884429989,0.0,0.0,False,False,False,False,False,False,False,False,False,False,False,False,5,0,Low
00401731,066570,LG전자,전기·전자,2025,8769841000000.0,4280500000000.0,34869881000000.0,27183160000000.0,1440338000000.0,11084962000000.0,1220412000000.0,2478392000000.0,89200882000000.0,68620167000000.0,28552025000000.0,40068142000000.0,0.5839120443994256,0.4160879556005744,1.2827751078241088,0.8749872715313451,0.3226203649612481,0.017785033953648,0.0427434481442209,0.0277843889480823,1.7207016686361118,0.0623796208481975,0.1068305088865862,0.0,0.0,False,False,False,False,False,False,False,False,False,False,False,False,5,0,Low
00406046,071970,HD현대마린엔진,기계·장비,2019,24997583211.0,-13371473660.0,174465473627.0,198542366646.0,9273875962.0,79063064998.0,-35895796697.0,-10695548571.0,253982739416.0,447548959282.0,130004444684.0,317544514598.0,0.7095190548704094,0.2904809451295905,0.878731711393725,0.4805141101148552,0.1259055366030292,-0.0802052958732993,-0.2761120728160596,-0.0421113206180585,-1.153298643935432,-0.0298771193244461,-0.042108973845534,0.0,0.0,True,True,False,True,True,True,True,True,False,True,True,True,5,4,High
00406046,071970,HD현대마린엔진,기계·장비,2020,58390001507.0,15239525401.0,152537363125.0,258518954795.0,15756835476.0,56957772046.0,1103386004.0,2319414956.0,247959833753.0,467363345753.0,173919915912.0,293443429841.0,0.6278700127161532,0.3721299872838468,0.5900432455560517,0.3697198573110145,0.2258635215096781,0.0023608740694507,0.0063442188217149,0.0093539946405611,0.1472005568334335,0.0326074467317213,0.0519334353788647,0.0,0.0,True,True,False,False,False,True,False,True,False,False,True,False,5,2,Moderate
00406046,071970,HD현대마린엔진,기계·장비,2021,61113803514.0,14917623541.0,182389805124.0,244851204057.0,11808228898.0,52868824483.0,-7828437540.0,-10897076267.0,163850811869.0,430406730156.0,153961262140.0,276445468016.0,0.6422889063928041,0.3577110936071958,0.7449005849345983,0.5289783284498296,0.249595683016421,-0.0181884645185789,-0.0508468002352529,-0.066506086498444,-0.9228374857169032,0.0346593640289805,0.0539622647752597,0.0,0.0,True,False,False,True,True,True,False,True,False,True,True,False,5,3,High
00406046,071970,HD현대마린엔진,기계·장비,2022,29656422201.0,-20431159379.0,165093772307.0,184789558770.0,11182348927.0,70980972615.0,14143936944.0,11342142575.0,179328152621.0,416290993852.0,192136113895.0,224154879957.0,0.5384571928469144,0.4615428071530856,0.8934150468560048,0.5092971719746263,0.1604875426858512,0.0339760820024573,0.0736141512247379,0.0632479753414455,1.014289810579437,-0.0490790328898244,-0.0911475109661647,0.0,0.0,True,False,False,False,False,False,True,True,False,False,False,True,5,2,Moderate
00406046,071970,HD현대마린엔진,기계·장비,2023,33895601428.0,36374056448.0,196470091901.0,206642830744.0,10774694060.0,89074959293.0,31641504580.0,17924999731.0,245020790824.0,454013908212.0,225375915294.0,228637992918.0,0.5035924864469975,0.4964075135530024,0.950771392327651,0.5197138087071926,0.164029893057319,0.069692808981581,0.1403943475447412,0.0731570560633593,1.6636202968903602,0.0801166127074135,0.1590901668781067,0.0,0.0,True,False,False,False,False,False,False,True,False,False,False,False,5,1,Watch
00406046,071970,HD현대마린엔진,기계·장비,2024,59756968580.0,101436571997.0,293886545654.0,180908739583.0,7975299176.0,86701382809.0,75775091634.0,33193655658.0,315793988713.0,494962962578.0,309374582999.0,185588379579.0,0.3749540745682634,0.6250459254317365,1.6245016483527397,1.1452468428146032,0.3303155431724392,0.1530924480476835,0.2449299192566343,0.1051117400723136,4.162057739211764,0.2049377017396829,0.5465674748985088,0.0,0.0,False,False,False,False,False,False,False,False,False,False,False,False,5,0,Low
00406046,071970,HD현대마린엔진,기계·장비,2025,94276230277.0,180601821406.0,516174832502.0,320140948412.0,8565093845.0,116969828556.0,165101642055.0,75911594792.0,402396221904.0,814697175815.0,488912211304.0,325784964511.0,0.3998847353129633,0.6001152646870367,1.612336175870003,1.2469663937905555,0.2944835102933249,0.2026540007209881,0.3376917946366075,0.1886488755605421,8.862902866652712,0.2216796949434997,0.5543589823952789,0.0,0.0,False,False,False,False,False,False,False,False,False,False,False,False,5,0,Low
00413046,068270,셀트리온,제약,2019,546137583490.0,473993887712.0,1785115919500.0,657225837904.0,14204915194.0,306709922768.0,301442694249.0,381532472575.0,1128459877886.0,3859646629058.0,2872913210933.0,986733418125.0,0.2556538235122902,0.7443461764877097,2.7161377665750708,2.249464204643684,0.8309740000967119,0.0781011121535163,0.1049257920851372,0.3381001664762275,26.859186933840697,0.1228075866177637,0.4803667120271325,0.0,0.0,False,False,False,False,False,False,False,False,False,False,False,False,5,0,Low
00413046,068270,셀트리온,제약,2020,684293887404.0,350746671970.0,2516494911747.0,1056766920798.0,37679352958.0,384324660641.0,525702909620.0,718577359816.0,1849115532111.0,5020121254019.0,3427580354138.0,1592540899881.0,0.3172315606134107,0.6827684393865893,2.381314992190246,2.017635307410954,0.6475353021906353,0.1047191657371091,0.1533743502133617,0.3886059834215187,19.07085189644779,0.06986816736532,0.2202434311082428,0.0,0.0,False,False,False,False,False,False,False,False,False,False,False,False,5,0,Low
00413046,068270,셀트리온,제약,2021,1188325852061.0,911159432327.0,3074470613879.0,1210479664348.0,12804158307.0,578056853641.0,595779438812.0,756857107226.0,1911601263030.0,5674122532472.0,4050374686795.0,1623747845677.0,0.2861672155270842,0.7138327844729158,2.5398779545255725,2.0623343239579675,0.9816983193196124,0.1049993960127684,0.1470924259808248,0.3959283360308818,59.11025848627849,0.1605815572562269,0.5611458914343342,0.0,0.0,False,False,False,False,False,False,False,False,False,False,False,False,5,0,Low
00413046,068270,셀트리온,제약,2022,551186669819.0,863531984.0,2929792463759.0,1294097736489.0,13506688858.0,616352352108.0,542566233270.0,647198174586.0,2283967480394.0,5891652311251.0,4274204269789.0,1617448041462.0,0.2745321611007558,0.7254678388992442,2.2639653722815267,1.787685772426714,0.42592352515384,0.0920906741617946,0.1269397059716999,0.2833657572367685,47.9168641100861,0.0001465687278169,0.0005338854552752,0.0,0.0,False,False,False,False,False,False,False,False,False,False,False,False,5,0,Low
00413046,068270,셀트리온,제약,2023,564611719562.0,537158606192.0,5009357806990.0,2470579210688.0,19950171798.0,3041452920081.0,539706505110.0,651481422157.0,2176431531380.0,19917534297169.0,17125794307235.0,2791739989934.0,0.1401649395091443,0.8598350604908557,2.027604614059311,0.7965358400150154,0.2285341498541827,0.0270970541361995,0.0315142466053089,0.2993346736453125,32.655429173913724,0.0269691317297417,0.1924099694558944,0.0,0.0,False,False,False,False,False,False,False,False,False,False,False,False,5,0,Low
00413046,068270,셀트리온,제약,2024,996430679072.0,901870301325.0,5584129149603.0,3187120605915.0,80272920461.0,2765942959864.0,418883310404.0,492015534847.0,3557303554371.0,21055222437706.0,17580062368691.0,3475160069015.0,0.1650497912950866,0.8349502087049134,1.7520921985943596,0.8842420912809851,0.3126429157474358,0.0198945089107136,0.0238271799962442,0.1383113718935908,6.129284097568645,0.0428335679660129,0.2595190677304905,0.0,0.0,False,False,False,False,False,False,False,False,False,False,False,False,5,0,Low
00413046,068270,셀트리온,제약,2025,1119206211717.0,646050776661.0,6205267557980.0,4453815745874.0,96468286123.0,2803460062651.0,1031483789240.0,1168471345595.0,4162495108881.0,22334900189800.0,17352529819114.0,4982370370686.0,0.2230755601478519,0.7769244398521481,1.3932474785757671,0.7637961894765007,0.2512915386663287,0.046182601241758,0.0594428478148361,0.2807141666309655,12.112492017378266,0.028925617359868,0.129667352805016,0.0,0.0,False,False,False,False,False,False,False,False,False,False,False,False,5,0,Low
00503668,079550,LIG디펜스앤에어로스페이스,금속,2019,28650469112.0,151004955851.0,1380852281652.0,1237491234410.0,18880073467.0,130469424965.0,3185323837.0,18106724003.0,1452651352252.0,2317491215306.0,633974397912.0,1683516817394.0,0.7264393522940321,0.2735606477059679,1.115848131490281,1.0104175463377294,0.0231520582250101,0.0013744707276395,0.0050243729833426,0.0124646041012729,0.9590388530345648,0.0651588039918681,0.0896961374491929,0.0,0.0,False,False,False,False,False,True,False,False,False,False,True,False,5,1,Watch
00503668,079550,LIG디펜스앤에어로스페이스,금속,2020,51002306722.0,192104829697.0,1545723606015.0,1380432960452.0,21684658027.0,227217745450.0,57881698047.0,63741639085.0,1600344315019.0,2595606499093.0,672508651689.0,1923097847404.0,0.7409050054682791,0.2590949945317208,1.119738263500227,0.9551393644884262,0.0369466016700297,0.0222998740630469,0.0860683322090066,0.0398299531462035,2.9394809457282665,0.0740115382528624,0.0998934245370423,0.0,0.0,False,False,False,False,False,False,False,False,False,False,False,False,5,0,Low
00503668,079550,LIG디펜스앤에어로스페이스,금속,2021,74538166121.0,135245427200.0,1485925497598.0,1481145703317.0,16963925702.0,218623676919.0,105055805629.0,97201006836.0,1822194315440.0,2576847035470.0,763304384997.0,1813542650473.0,0.7037835872714974,0.2962164127285026,1.0032270925610465,0.8556226560566591,0.0503246682308655,0.0407691276132882,0.1376329124971722,0.0533428328759379,5.729865158778682,0.0524848488631115,0.0745752669035525,0.0,0.0,False,False,False,False,False,False,False,False,False,False,False,False,5,0,Low
00503668,079550,LIG디펜스앤에어로스페이스,금속,2022,252910914352.0,456521222995.0,1822951227868.0,1899456288192.0,36297682943.0,230836873287.0,122939587371.0,179111737872.0,2220751868438.0,3012727223129.0,935179067809.0,2077548155320.0,0.6895905276025193,0.3104094723974807,0.9597226528456616,0.8381947847278214,0.1331491100501889,0.0408067436132885,0.1314610127652141,0.0806536472703638,4.934522629261703,0.1515308852026968,0.2197403809033168,0.0,0.0,True,False,False,False,False,False,False,True,False,False,False,False,5,1,Watch
00503668,079550,LIG디펜스앤에어로스페이스,금속,2023,445436760872.0,467285196126.0,2535880560459.0,2650650421124.0,15281784063.0,228919620086.0,174962143119.0,186378438940.0,2308571092877.0,3815758833285.0,1052359009288.0,2763399823997.0,0.7242071484947542,0.2757928515052458,0.9567012459468978,0.8703376808906926,0.1680480976752543,0.04585251604289,0.1662570867686827,0.0807332464289546,12.196117820513926,0.1224619313070455,0.1690979322167414,0.0,0.0,True,False,False,False,False,False,False,True,False,False,False,False,5,1,Watch
00503668,079550,LIG디펜스앤에어로스페이스,금속,2024,546947952484.0,951948218386.0,3894568274428.0,4616518043951.0,84519397962.0,363527737579.0,216648719554.0,229779392271.0,3276339508425.0,6125264653217.0,1237435235062.0,4887829418155.0,0.7979784866255376,0.2020215133744624,0.8436159541347473,0.7648709488909513,0.1184762947478702,0.0353696912410495,0.1750788351708322,0.0701329613979655,2.718658648921151,0.1554134020782326,0.1947588872169213,0.0,0.0,True,False,True,False,False,False,False,True,True,False,False,False,5,2,Moderate
00503668,079550,LIG디펜스앤에어로스페이스,금속,2025,125190009682.0,-584305263675.0,5622222859236.0,6215510761700.0,34904077869.0,593084124214.0,237479536396.0,319442306790.0,4306936127418.0,8064772884180.0,1476107505166.0,6588665379014.0,0.8169684966502209,0.1830315033497792,0.9045472005100784,0.8091271864593287,0.0201415482140938,0.0294465250052911,0.1608822769106465,0.0741692696012896,9.152005332698163,-0.0724515460095824,-0.0886834024893888,0.0,0.0,True,False,True,False,False,False,True,True,True,False,False,True,5,3,High
00583424,090430,아모레퍼시픽,화학,2019,673580375450.0,718300781333.0,1803063670498.0,1066567435582.0,19976729196.0,452589071942.0,223761027766.0,427834596504.0,5580142192519.0,5989007790647.0,4498840803125.0,1490166987522.0,0.2488170060238,0.7511829939761999,1.6905294595968157,1.2661877285040857,0.6315403536415337,0.0373619530292557,0.0497374851785309,0.0766709129881269,21.416648957211,0.1199365247870885,0.4820270394846573,0.0,0.0,False,False,False,False,False,False,False,False,False,False,False,False,5,0,Low
00583424,090430,아모레퍼시픽,화학,2020,793728286323.0,554358724380.0,1825732428259.0,965946712547.0,17026833385.0,414482961333.0,21869011689.0,143009119307.0,4432179039394.0,5701918175747.0,4464397744195.0,1237520431552.0,0.2170358103025346,0.7829641896974654,1.890096425138116,1.461001366426135,0.8217102206705628,0.0038353780280501,0.0048985356910539,0.0322660971129346,8.399043795952432,0.0972231988066672,0.4479592500018503,0.0,0.0,False,False,False,False,False,False,False,False,False,False,False,False,5,0,Low
00583424,090430,아모레퍼시픽,화학,2021,537693630647.0,691434410702.0,2018526858100.0,1157485393842.0,11410260207.0,493223642997.0,180857693977.0,343357809050.0,4863128496699.0,6116713932912.0,4744299877622.0,1372414055290.0,0.224371136257574,0.7756288637424259,1.7438897016229085,1.3177731859234227,0.4645359963137441,0.0295677868804465,0.0381210502375857,0.0706043052909387,30.092022690188596,0.1130401745586992,0.5038088964746834,0.0,0.0,False,False,False,False,False,False,False,False,False,False,False,False,5,0,Low
00583424,090430,아모레퍼시픽,화학,2022,449597948392.0,151023730340.0,1735019347862.0,831116935949.0,34413883142.0,408934396533.0,129264244958.0,214233255761.0,4134932512111.0,5801783178159.0,4779275104059.0,1022508074100.0,0.1762403114182661,0.8237596885817339,2.0875754936709248,1.5955455772475955,0.5409563070431629,0.0222800888948451,0.0270468307731892,0.0518105809788967,6.225198559459908,0.0260305712403272,0.1476993034729132,0.0,0.0,False,False,False,False,False,False,False,False,False,False,False,False,5,0,Low
00583424,090430,아모레퍼시픽,화학,2023,506379386493.0,348227953524.0,1952196456821.0,813257101661.0,19166374797.0,394311802314.0,173878928996.0,108171257062.0,3673963593157.0,5886510888702.0,4872705211057.0,1013805677645.0,0.1722252276116231,0.8277747723883768,2.4004665349172174,1.915611497674191,0.6226559663097543,0.0295385385814415,0.0356842701260562,0.0294426589483565,5.643803703501166,0.0591569369543433,0.3434858979414174,0.0,0.0,False,False,False,False,False,False,False,False,False,False,False,False,5,0,Low
00583424,090430,아모레퍼시픽,화학,2024,451543362844.0,334509652791.0,1734808826757.0,1095705144331.0,42891624478.0,497801286466.0,601641373835.0,220481343913.0,3885110699186.0,6783507800768.0,5326007889106.0,1457499911662.0,0.2148593256569982,0.7851406743430017,1.5832807172008074,1.128960237789405,0.4121029869944591,0.0886917788709382,0.1129629145059319,0.0567503376310988,5.140428850534431,0.0493121940175447,0.2295092096503496,0.0,0.0,False,False,False,False,False,False,False,False,False,False,False,False,5,0,Low
00583424,090430,아모레퍼시픽,화학,2025,524558265446.0,583839768058.0,2003730249566.0,1120868276361.0,25660752895.0,480094622293.0,247316269750.0,335826547063.0,4252820221496.0,6961213309494.0,5503457775495.0,1457755533999.0,0.2094111283748266,0.7905888716251733,1.7876589888611096,1.3593351327772614,0.4679927842627732,0.0355277533892977,0.0449383423729012,0.0789656109528343,13.087166554978044,0.0838704033478954,0.4005059520894952,0.0,0.0,False,False,False,False,False,False,False,False,False,False,False,False,5,0,Low
00631518,096770,SK이노베이션,화학,2019,2196001396000.0,1825833804000.0,17352776869000.0,10456380735000.0,3260335156000.0,6495210174000.0,65774590000.0,1269292250000.0,49876534172000.0,39526056607000.0,18209623762000.0,21316432845000.0,0.5393007720690481,0.4606992279309519,1.6595395011694742,1.038367573844852,0.2100154395343945,0.0016640817639357,0.0036120784734311,0.0254486858614278,0.3893134261562402,0.0461931687786088,0.0856538154050605,0.0,0.0,False,False,False,False,False,True,False,False,False,False,True,False,5,1,Watch
00631518,096770,SK이노베이션,화학,2020,2940661256000.0,2850843672000.0,13295062788000.0,11014841497000.0,3937088145000.0,3878354885000.0,,-2568795615000.0,34164529332000.0,38498146106000.0,15458465083000.0,23039681023000.0,0.5984620911241548,0.4015379088758451,1.2070135363837091,0.8549108859682395,0.2669726347674561,,,-0.0751889654336304,-0.6524607832980077,0.0740514533907826,0.1237362474399739,0.0,0.0,False,False,False,,True,True,False,False,False,True,True,False,5,2,Moderate
00631518,096770,SK이노베이션,화학,2021,3423827161000.0,-482982766000.0,21481684513000.0,14512449137000.0,3023101536000.0,7849111066000.0,,1754170704000.0,46842929105000.0,49557440204000.0,19633194498000.0,29924245706000.0,0.6038295275708103,0.3961704724291897,1.4802246202697578,0.9393709716606878,0.2359234563841352,,,0.0374479294424131,0.5802553050603193,-0.0097459183527606,-0.0161401818025828,0.0,0.0,False,False,False,,False,True,True,False,False,,True,True,4,,Insufficient data
00631518,096770,SK이노베이션,화학,2022,9479086529000.0,406557024000.0,31966675885000.0,27557209671000.0,8107091953000.0,11857700217000.0,1895179127000.0,3917340789000.0,78056939448000.0,67218924277000.0,23242311382000.0,43976612895000.0,0.6542296439285221,0.3457703560714779,1.1600113460921382,0.7297174100018481,0.343978459436529,0.0281941305574933,0.0815400454736064,0.0501856826145439,0.4831992546415367,0.0060482524582606,0.0092448462315801,0.0,0.0,False,False,False,False,False,True,False,False,False,False,True,False,5,1,Watch
00631518,096770,SK이노베이션,화학,2023,13074425609000.0,5367895813000.0,33279589404000.0,29399178862000.0,6177987935000.0,11122659013000.0,554894277000.0,1903886320000.0,77288485864000.0,80835513251000.0,30019967513000.0,50815545738000.0,0.6286289737558062,0.3713710262441938,1.131990439604272,0.7536581376984991,0.4447207750383596,0.0068644863462054,0.0184841731344214,0.0246335052203009,0.3081725539174268,0.0664051676932179,0.105634914179144,0.0,0.0,False,False,False,False,False,True,False,False,False,False,True,False,5,1,Watch
00631518,096770,SK이노베이션,화학,2024,15865084196000.0,2232521961000.0,36318431920000.0,37725576071000.0,6397890465000.0,10335593569000.0,-2372482956000.0,315488338000.0,74716970174000.0,110530097549000.0,39648908994000.0,70881188555000.0,0.6412840495646634,0.3587159504353365,0.9627005258090232,0.6887327128444634,0.4205392163168487,-0.0214645875522568,-0.0598372821900099,0.0042224455470463,0.0493113065511039,0.0201983171145785,0.0314966778423542,0.0,0.0,True,False,False,True,False,True,False,True,False,True,True,False,5,3,High
00631518,096770,SK이노베이션,화학,2025,16091551855000.0,2283052527000.0,42795276125000.0,41057102110000.0,6362557555000.0,9558632028000.0,-5436441431000.0,448683859000.0,80296054243000.0,105608481396000.0,36391495746000.0,69216985650000.0,0.6554112390884322,0.3445887609115678,1.042335526027704,0.8095224063294223,0.3919310187038429,-0.0514773184798953,-0.1493876885122962,0.0055878693321859,0.0705194185076413,0.0216180793135282,0.0329839923764435,0.0,0.0,False,False,False,True,False,True,False,False,False,True,True,False,5,2,Moderate
00635134,097950,CJ제일제당,음식료·담배,2019,690951592000.0,2143095681000.0,7433652074000.0,8202238119000.0,666692923000.0,2018257067000.0,191028303000.0,896857873000.0,22352462296000.0,26280632351000.0,9481480420000.0,16799151931000.0,0.6392217548890439,0.3607782451109561,0.9062955703249316,0.660233820139354,0.0842393968543112,0.0072687863993779,0.0201475185876089,0.0401234486439775,1.3452338281382956,0.0815465797160871,0.127571658962455,0.0,0.0,True,False,False,False,False,False,False,True,False,False,False,False,5,1,Watch
00635134,097950,CJ제일제당,음식료·담배,2020,1212229101000.0,2001752173000.0,7431380404000.0,7082673561000.0,805193567000.0,1861478883000.0,786425538000.0,1359551440000.0,24245725654000.0,25611892185000.0,10166438997000.0,15445453188000.0,0.6030578715713112,0.3969421284286887,1.0492337872128,0.7864122881040402,0.1711541680637397,0.0307054836995051,0.0773550638755679,0.0560738605806877,1.6884777719541817,0.0781571372603371,0.1296013881001055,0.0,0.0,False,False,False,False,False,False,False,False,False,False,False,False,5,0,Low
00635134,097950,CJ제일제당,음식료·담배,2021,1096870152000.0,1686409257000.0,7695894684000.0,7915867743000.0,642436206000.0,2338251516000.0,892393213000.0,1524429392000.0,26289227767000.0,26855804277000.0,10806800418000.0,16049003859000.0,0.5975990774085578,0.4024009225914422,0.9722111250286462,0.676823229233177,0.1385660028200903,0.0332290630284444,0.0825770050785442,0.0579868456202264,2.372888354925625,0.0627949637853253,0.1050787495483273,0.0,0.0,True,False,False,False,False,False,False,True,False,False,False,False,5,1,Watch
00635134,097950,CJ제일제당,음식료·담배,2022,1797257804000.0,1627293112000.0,9759274570000.0,9749512896000.0,989290534000.0,3201446372000.0,802674084000.0,1664708210000.0,30079513121000.0,30013241845000.0,11529022641000.0,18484219204000.0,0.6158687988275197,0.3841312011724803,1.001001247355035,0.6726313681466615,0.1843433434235851,0.0267439981373994,0.0696220407396457,0.0553435889505068,1.6827293426826624,0.0542191716710901,0.0880368867107923,0.0,0.0,False,False,False,False,False,False,False,False,False,False,False,False,5,0,Low
00635134,097950,CJ제일제당,음식료·담배,2023,1853610633000.0,2444759803000.0,8673140890000.0,9121901459000.0,910538967000.0,2649405658000.0,559462096000.0,1291582413000.0,29023472909000.0,29606279551000.0,11779942250000.0,17826337301000.0,0.6021133884888243,0.3978866115111756,0.9508040542844018,0.6603596036500442,0.2032044131732162,0.0188967376004224,0.0474927706882433,0.0445013047559683,1.4184812070761164,0.0825757183974649,0.1371431361204445,0.0,0.0,True,False,False,False,False,False,False,True,False,False,False,False,5,1,Watch
00635134,097950,CJ제일제당,음식료·담배,2024,1272398631000.0,2255253477000.0,8546271600000.0,9956782579000.0,1233744974000.0,2428544168000.0,361835555000.0,1553017638000.0,29359081823000.0,30149997467000.0,12242785686000.0,17907211781000.0,0.5939374224027691,0.4060625775972308,0.8583366697215092,0.6144281431737789,0.1277921478052192,0.0120011802785734,0.0295550019644442,0.0528973503791035,1.2587833553354764,0.0748011166325448,0.1259410736066058,0.0,0.0,True,False,False,False,False,False,False,True,False,False,False,False,5,1,Watch
00635134,097950,CJ제일제당,음식료·담배,2025,1038957402000.0,2481608395000.0,7578773538000.0,9361389376000.0,889229213000.0,2181886741000.0,-416955408000.0,1233604641000.0,27342589100000.0,29744790534000.0,11551202624000.0,18193587910000.0,0.6116562794148336,0.3883437205851665,0.8095778557646441,0.5765048947580492,0.1109832483481135,-0.0140177624556944,-0.0360962768615701,0.0451165994737491,1.3872740829534578,0.0834300175072128,0.1364001651172937,0.0,0.0,True,False,False,True,False,False,False,True,False,True,False,False,5,2,Moderate
00683469,103590,일진전기,전기·전자,2019,27712063393.0,25541035645.0,304053028870.0,273112730023.0,13041998430.0,70497173959.0,3604463098.0,11423545228.0,668304096799.0,780849822476.0,303724465695.0,477125356781.0,0.6110334446489099,0.3889665553510902,1.1132876480872729,0.8551628292512445,0.101467490697582,0.0046160772459044,0.0118675428064448,0.0170933341314466,0.8759045087540315,0.0327092802096206,0.0535310800023636,0.0,0.0,False,False,False,False,False,True,False,False,False,False,True,False,5,1,Watch
00683469,103590,일진전기,전기·전자,2020,40565758935.0,57664627757.0,305742723154.0,277617259789.0,14806801516.0,93535864383.0,4818812413.0,13776691618.0,707930789714.0,790379091642.0,308884249416.0,481494842226.0,0.6091948121068108,0.3908051878931892,1.101310211715138,0.7643864035409237,0.1461211704410293,0.0060968369026424,0.0156007061613235,0.0194605063350411,0.930429951607923,0.0729581897684093,0.1197616728154563,0.0,0.0,False,False,False,False,False,True,False,False,False,False,True,False,5,1,Watch
00683469,103590,일진전기,전기·전자,2021,23654942533.0,9620953048.0,358603605679.0,367087635956.0,12439440337.0,141819007105.0,,20402669112.0,932362520580.0,837942610833.0,323057560316.0,514885050517.0,0.6144633819315526,0.3855366180684474,0.9768882701404388,0.5905527109607808,0.0644394967741036,,,0.021882764119806,1.6401597306041245,0.01148163719522,0.0186856329162004,0.0,0.0,True,False,False,,False,False,False,True,False,,False,False,4,,Insufficient data
00683469,103590,일진전기,전기·전자,2022,39456657378.0,50573216276.0,360680352497.0,321654655572.0,30397076847.0,133624760078.0,,31490877242.0,1164706090212.0,839513249151.0,344902375464.0,494610873687.0,0.5891638686908159,0.410836131309184,1.1213279405379677,0.7058986664291427,0.1226677639962463,,,0.0270376170491802,1.0359837362160025,0.0602411174893841,0.1022484926362613,0.0,0.0,False,False,False,,False,False,False,False,False,,False,False,4,,Insufficient data
00683469,103590,일진전기,전기·전자,2023,56717295702.0,49223343515.0,433757560045.0,384892900350.0,22106393536.0,146070405150.0,,60756520579.0,1246731647188.0,928888144074.0,371142176219.0,557745967855.0,0.6004447052244507,0.3995552947755493,1.1269565108906017,0.7474472889299685,0.147358643535447,,,0.048732636823679,2.748368723286262,0.0529916802459248,0.0882540553440573,0.0,0.0,False,False,False,,False,False,False,False,False,,False,False,4,,Insufficient data
00683469,103590,일진전기,전기·전자,2024,140017884000.0,105677318000.0,702238015000.0,606533501000.0,42592856000.0,245056781000.0,,79742010000.0,1577247371000.0,1249038272000.0,500309704000.0,748728568000.0,0.599444056106553,0.400555943893447,1.1577893287711407,0.7537608940746704,0.2308493822173888,,,0.0505577067149855,1.87219213475612,0.0846069494978613,0.14114236121948,0.0,0.0,False,False,False,,False,False,False,False,False,,False,False,4,,Insufficient data
00683469,103590,일진전기,전기·전자,2025,137563249000.0,86862549000.0,967476668000.0,834541618000.0,20109535000.0,335513063000.0,103889478000.0,151226606000.0,2044552052000.0,1525996520000.0,588671403000.0,937325117000.0,0.6142380436096931,0.3857619563903068,1.1592910972116433,0.7572583456227344,0.1648368949288278,0.0680797607585632,0.1764812720144994,0.0739656424262071,7.520144349434236,0.0569218526133991,0.0926706725602446,0.0,0.0,False,False,False,False,False,False,False,False,False,False,False,False,5,0,Low
00684714,103140,풍산,금속,2019,,,1245174941764.0,763345152755.0,37554308946.0,789638785342.0,17625569038.0,41142663278.0,2451305535330.0,2562507866141.0,1383814314984.0,1178693551157.0,0.459976559186938,0.540023440813062,1.631208290600944,0.5967630170675976,,0.006878249729841,0.0127369466026977,0.016783980081235,1.0955510681120444,,,0.0,0.0,False,False,False,False,False,False,,False,False,False,False,,4,,Insufficient data
00684714,103140,풍산,금속,2020,,,1302006261080.0,747273688812.0,38393902757.0,790349168852.0,71907050762.0,121208786517.0,2593636025736.0,2552025017070.0,1446401274686.0,1105623742384.0,0.4332338966070855,0.5667661033929144,1.7423419030715537,0.6846983908150462,,0.0281764678171364,0.0497144547785401,0.0467331519589779,3.1569800883266845,,,0.0,0.0,False,False,False,False,False,False,,False,False,False,False,,4,,Insufficient data
00684714,103140,풍산,금속,2021,,,1859455077778.0,1108833495035.0,22897511398.0,1183455318498.0,243387043769.0,314125035707.0,3509498278523.0,3148260459261.0,1685635003844.0,1462625455417.0,0.4645820999703202,0.5354179000296798,1.6769470674398297,0.6096494760547094,,0.0773084206082907,0.1443889354539796,0.0895071063659851,13.718741318518898,,,0.0,0.0,False,False,False,False,False,False,,False,False,False,False,,4,,Insufficient data
00684714,103140,풍산,금속,2022,,,2013246003210.0,1117973551094.0,46908472370.0,1204278374058.0,175261942564.0,231619553412.0,4372982501228.0,3395297191796.0,1842240245511.0,1553056946285.0,0.457414140369693,0.542585859630307,1.8007993134005054,0.7236017599525317,,0.0516190285161141,0.0951352262502472,0.0529660371032716,4.937691246584503,,,0.0,0.0,False,False,False,False,False,False,,False,False,False,False,,4,,Insufficient data
00684714,103140,풍산,금속,2023,407883024572.0,696183745202.0,2239437467040.0,1352196007511.0,50271002077.0,1227253339332.0,156440326543.0,228636480718.0,4125263947257.0,3660628679317.0,1965954520498.0,1694674158819.0,0.4629462060421797,0.5370537939578203,1.6561485573102332,0.7485483776654074,0.3016448963806616,0.0427359178566531,0.0795747434194824,0.0554234792345897,4.54807883813014,0.1901814705041031,0.4108068454216372,0.0,0.0,False,False,False,False,False,False,False,False,False,False,False,False,5,0,Low
00684714,103140,풍산,금속,2024,345191574366.0,39903295797.0,2561697235286.0,1358506297397.0,47220250869.0,1458732325662.0,236045982790.0,323768893078.0,4554411454633.0,4096582596724.0,2199301948907.0,1897280647817.0,0.4631374085644552,0.5368625914355448,1.8856719620618647,0.8118953233690293,0.2540964109091087,0.0576202181249229,0.1073276831802514,0.071089074033626,6.856568678048969,0.0097406301117693,0.0210318361929809,0.0,0.0,False,False,False,False,False,False,False,False,False,False,False,False,5,0,Low
00684714,103140,풍산,금속,2025,239069532140.0,-168485078220.0,2763158539049.0,1450288182765.0,47412758576.0,1623355782857.0,147164434318.0,297427463130.0,5048580386639.0,4329189509985.0,2298131546597.0,2031057963388.0,0.4691543206190198,0.5308456793809802,1.905247916852628,0.7859146683653906,0.1648427774431766,0.0339935301927935,0.0640365581056125,0.0589130885024902,6.273152460708237,-0.0389183882644545,-0.0829543426416795,0.0,0.0,False,False,False,False,False,False,True,False,False,False,False,True,5,1,Watch
00776820,111770,영원무역,유통,2019,446899132667.0,231753126141.0,1500905529076.0,622883896748.0,18748414254.0,540366111948.0,174282786708.0,237561338287.0,2388266483185.0,3104545848395.0,1968994893706.0,1135550954689.0,0.3657703928824441,0.6342296071175558,2.4096072107692024,1.5420842024378183,0.7174677897441325,0.0561379329598567,0.0885135798295386,0.099470197299837,12.671009668794571,0.074649606563489,0.2040887070580391,0.0,0.0,False,False,False,False,False,False,False,False,False,False,False,False,5,0,Low
00776820,111770,영원무역,유통,2020,664877345170.0,346090092799.0,1684583634041.0,594962950536.0,16988826609.0,497845369459.0,182425908251.0,259688519331.0,2466374429266.0,3038285285380.0,1993997616352.0,1044287669028.0,0.3437095502693686,0.6562904497306314,2.831409304601849,1.9946422941342343,1.117510501403515,0.060042389412482,0.0914875257397481,0.105291603841467,15.285842001202568,0.1139096761138131,0.3314126012051191,0.0,0.0,False,False,False,False,False,False,False,False,False,False,False,False,5,0,Low
00776820,111770,영원무역,유통,2021,641777189294.0,287353748746.0,2044753390256.0,525247244441.0,21435724834.0,643987889187.0,334303486017.0,442515129012.0,2792518463435.0,3547620437780.0,2434211959092.0,1113408478688.0,0.3138465622846449,0.6861534377153551,3.8929350165980416,2.6668688239569533,1.221857317837085,0.0942331604747991,0.1373354053119106,0.158464531141425,20.64381458704444,0.0809990115306184,0.2580847498885649,0.0,0.0,False,False,False,False,False,False,False,False,False,False,False,False,5,0,Low
00776820,111770,영원무역,유통,2022,735944764488.0,458800227068.0,2821445719291.0,822686884772.0,20183299100.0,983904470376.0,743155039128.0,823027257046.0,3910960903824.0,4513623780811.0,3114304140479.0,1399319640332.0,0.3100213283794275,0.6899786716205726,3.429549895004024,2.233585198607192,0.8945624126388744,0.1646470940461216,0.2386263529848109,0.210441187545821,40.77763763833832,0.1016478664036025,0.3278737851197071,0.0,0.0,False,False,False,False,False,False,False,False,False,False,False,False,5,0,Low
00776820,111770,영원무역,유통,2023,896394078489.0,525111272743.0,3346930108724.0,1123291101204.0,31086770543.0,1329162228700.0,533070681256.0,637146368834.0,3604377025404.0,5297123640656.0,3587970520506.0,1709153120150.0,0.322656829648465,0.6773431703515349,2.9795750230163773,1.796300066706889,0.7980069258344517,0.1006339888245433,0.1485716446691492,0.176770178131569,20.49574007543444,0.09913139816347,0.3072347740832692,0.0,0.0,False,False,False,False,False,False,False,False,False,False,False,False,5,0,Low
00776820,111770,영원무역,유통,2024,799525139874.0,623729052618.0,3429710995583.0,727832706578.0,31546863292.0,1225289838766.0,294535556555.0,315580583310.0,3517837283293.0,5389722907461.0,3895653089851.0,1494069817610.0,0.277207166910521,0.722792833089479,4.7122243402721375,3.0287470415851088,1.09850125262036,0.0546476250471567,0.075606207678586,0.0897086925562939,10.003548701148633,0.1157256251067325,0.4174698165148352,0.0,0.0,False,False,False,False,False,False,False,False,False,False,False,False,5,0,Low
00776820,111770,영원무역,유통,2025,1090560747187.0,374875504121.0,3644018594586.0,939846307341.0,29556521595.0,1224604415841.0,426250682029.0,514438778298.0,4063584122639.0,5716939046441.0,4105477128835.0,1611461917606.0,0.2818749517032533,0.7181250482967467,3.8772494674109073,2.574265770740721,1.160360729907424,0.074559249025815,0.1038248828705461,0.1265973000120666,17.405254425643452,0.06557276561386,0.2326306939216521,0.0,0.0,False,False,False,False,False,False,False,False,False,False,False,False,5,0,Low
00828497,128940,한미약품,제약,2019,106113064156.0,12446620375.0,662204137165.0,471803221795.0,25877161736.0,326727357187.0,63867247550.0,103877846130.0,1113649783994.0,1913706257532.0,822261424899.0,1091444832633.0,0.5703303881341619,0.4296696118658381,1.4035600152233163,0.7110523296167014,0.2249095793629541,0.0333735897547652,0.0776726788050952,0.0932769418384403,4.014267375601953,0.006503934616931,0.0114038016424282,0.0,0.0,False,False,False,False,False,False,False,False,False,False,False,False,5,0,Low
00828497,128940,한미약품,제약,2020,146157369325.0,151534949938.0,614373230636.0,533451265754.0,32656054127.0,308538231114.0,17289714876.0,48976342021.0,1075853605008.0,1882026593387.0,831889474892.0,1050137118495.0,0.5579820828169674,0.4420179171830326,1.151695140825323,0.5733138510595178,0.2739844831343978,0.0091867537561647,0.0207836682610326,0.0455232401444021,1.499763009656038,0.0805169015520069,0.1443001559217064,0.0,0.0,False,False,False,False,False,False,False,False,False,False,False,False,5,0,Low
00828497,128940,한미약품,제약,2021,209224626255.0,201923207364.0,703961594241.0,648938236072.0,18762933436.0,250188727251.0,81478223722.0,125415874751.0,1203185652812.0,1936728687294.0,928259408765.0,1008469278529.0,0.5207075648463878,0.4792924351536122,1.08478982299156,0.6992543230873111,0.3224106927670485,0.0420700247053403,0.087775273757152,0.1042365111800385,6.684235979346785,0.1042599351621766,0.2002274255280582,0.0,0.0,False,False,False,False,False,False,False,False,False,False,False,False,5,0,Low
00828497,128940,한미약품,제약,2022,147328655366.0,162268943067.0,694158250909.0,676748302732.0,23494454740.0,266185404982.0,101558192480.0,158090311455.0,1331546600126.0,1924585730838.0,1009226682083.0,915359048755.0,0.475613548457743,0.5243864515422569,1.0257258837690717,0.6323958910562383,0.2177008125047988,0.0527688586965568,0.100629714099897,0.1187268334732261,6.728835089151764,0.0843136995494324,0.1772735445044276,0.0,0.0,False,False,False,False,False,False,False,False,False,False,False,False,5,0,Low
00828497,128940,한미약품,제약,2023,54980324303.0,216537615372.0,730623667543.0,704762991483.0,29486476349.0,288813765219.0,165366177835.0,220691065020.0,1490887463726.0,1898668375968.0,1100210644155.0,798457731813.0,0.4205356458870399,0.57946435411296,1.0366941459363277,0.6268914623259657,0.0780125020289551,0.0870958719953879,0.1503041065031751,0.1480266421105002,7.484484154970402,0.1140470964349434,0.2711948381792531,0.0,0.0,False,False,False,False,False,False,False,False,False,False,False,False,5,0,Low
00828497,128940,한미약품,제약,2024,192277535603.0,193486724954.0,746306484262.0,682758544357.0,31127225569.0,300925787646.0,140431062099.0,216186188006.0,1495501575568.0,2020840493653.0,1240751591638.0,780088902015.0,0.3860220064201413,0.6139779935798586,1.093075275923273,0.6523253356506072,0.2816186442369326,0.0694914133698636,0.1131822542444676,0.1445576464363745,6.945244365797335,0.0957456689737254,0.248031633899952,0.0,0.0,False,False,False,False,False,False,False,False,False,False,False,False,5,0,Low
00828497,128940,한미약품,제약,2025,108273819495.0,173072329954.0,893949426110.0,605201553858.0,17046225015.0,338532330075.0,187135533539.0,257799090185.0,1547531098763.0,2137597680857.0,1422853222734.0,714744458123.0,0.3343680920520304,0.6656319079479697,1.4771102625419723,0.9177390449419086,0.1789053891299237,0.087544786942309,0.1315213196617854,0.166587340565284,15.12352969400246,0.0809658110616083,0.2421457459194682,0.0,0.0,False,False,False,False,False,False,False,False,False,False,False,False,5,0,Low
00904672,251270,넷마블,IT 서비스,2019,1574831709792.0,381252820138.0,2560116032177.0,664572159821.0,68144316788.0,5125002720.0,169769227460.0,202652419951.0,2178677560442.0,5806087951025.0,4648340954892.0,1157746996133.0,0.1994022491389598,0.8005977508610401,3.852276979021447,3.8445652465266935,2.369692570655044,0.0292398649300565,0.0365225419364583,0.0930162515236475,2.9738711825589315,0.0656643205121779,0.3293058167383941,0.0,0.0,False,False,False,False,False,False,False,False,False,False,False,False,5,0,Low
00904672,251270,넷마블,IT 서비스,2020,1257495850292.0,372261914839.0,1820718616639.0,1633501786216.0,62817451334.0,4623828630.0,338047021964.0,272046487017.0,2484764985888.0,8223428815673.0,5650596134173.0,2572832681500.0,0.3128661704466206,0.6871338295533794,1.1146107289277516,1.1117801053747092,0.7698160240185496,0.041107794515071,0.0598250191549878,0.1094858019016138,4.3307469698273895,0.0452684547021927,0.1446895157682643,0.0,0.0,False,False,False,False,False,False,False,False,False,False,False,False,5,0,Low
00904672,251270,넷마블,IT 서비스,2021,1353724443229.0,137464407630.0,1962570156096.0,3056208603922.0,73883864836.0,3963810708.0,249178251759.0,151024628649.0,2506906374110.0,10663783073696.0,6007658886345.0,4656124187351.0,0.4366296796524403,0.5633703203475596,0.6421584421879628,0.6408614722419607,0.4429424226774899,0.023366778003356,0.0414767643225159,0.0602434260045378,2.0440813293163447,0.0128907730661812,0.0295233550693172,0.0,0.0,True,False,False,False,False,False,False,True,False,False,False,False,5,1,Watch
00904672,251270,넷마블,IT 서비스,2022,502997969607.0,-408393774419.0,997344674257.0,2293992289893.0,470574370970.0,2835774099.0,-886357560393.0,-108688598689.0,2673408275832.0,8935573715860.0,5621808454658.0,3313765261202.0,0.3708508671715511,0.6291491328284489,0.4347637429520392,0.4335275687453978,0.219267506618543,-0.0991942530583995,-0.1576641337999697,-0.0406554433423285,-0.2309700769826436,-0.0457042588876112,-0.1232416125549169,0.0,0.0,True,True,False,True,True,True,True,True,False,True,True,True,5,4,High
00904672,251270,넷마블,IT 서비스,2023,430338258320.0,-98114733894.0,905788023108.0,1905547737533.0,261959430885.0,2721582674.0,-303885236393.0,-68468184309.0,2502055599771.0,7915865389294.0,5079044788538.0,2836820600756.0,0.3583715059875482,0.6416284940124518,0.4753426037390542,0.4739143620737346,0.2258344148738742,-0.0383893890873885,-0.059831178704859,-0.0273647733148961,-0.2613694192176554,-0.0123946945872396,-0.034586160953517,0.0,0.0,True,True,False,True,True,True,True,True,False,True,True,True,5,4,High
00904672,251270,넷마블,IT 서비스,2024,577864115437.0,287708442387.0,1114816595237.0,1348239156045.0,192308330172.0,2118851906.0,3216188118.0,215627215188.0,2663783169910.0,8177066253496.0,5473860209795.0,2703206043701.0,0.3305838499896315,0.6694161500103685,0.8268685790933896,0.8252970093192143,0.4286065367899111,0.0003933180945702,0.0005875539372095,0.0809477353951768,1.1212577998838826,0.0351848002043512,0.1064323021389424,0.0,0.0,True,False,False,False,False,False,False,True,False,False,False,False,5,1,Watch
00904672,251270,넷마블,IT 서비스,2025,688942929318.0,337793565982.0,1256530943428.0,1900644823693.0,159079166883.0,1521893175.0,230818642770.0,352478352483.0,2835074411896.0,8093652130179.0,5492482877191.0,2601169252988.0,0.3213838711067104,0.6786161288932896,0.6611077081653421,0.660306983508095,0.3624785234620358,0.0285184783157829,0.0420244628760766,0.1243277252279507,2.2157417554382954,0.0417356170674127,0.1298622016210485,0.0,0.0,True,False,False,False,False,False,False,True,False,False,False,False,5,1,Watch
00937324,161390,한국타이어앤테크놀로지,화학,2019,877600275927.0,760347394662.0,4113714818383.0,2131084242262.0,170121274708.0,1725393474983.0,429614534254.0,543964831621.0,6883268577435.0,10164607903070.0,7187217113570.0,2977390789500.0,0.2929174266132531,0.7070825733867468,1.93033890298798,1.1207071480501214,0.4118092839893966,0.0422657261697467,0.0597748095633365,0.0790271112483169,3.1975120839805222,0.0748034161192143,0.2553737310343755,0.0,0.0,False,False,False,False,False,False,False,False,False,False,False,False,5,0,Low
00937324,161390,한국타이어앤테크놀로지,화학,2020,1060864709315.0,1290850800312.0,4688230159067.0,1780955802850.0,137415868411.0,1562764800524.0,385205382320.0,628270555481.0,6453071785362.0,10658547888637.0,7412147522228.0,3246400366409.0,0.3045818624007838,0.6954181375992161,2.6324236410384763,1.7549370700504916,0.595671553228517,0.0361405124173307,0.0519694705434319,0.0973599204190095,4.57203787849226,0.1211094432186364,0.3976252632511474,0.0,0.0,False,False,False,False,False,False,False,False,False,False,False,False,5,0,Low
00937324,161390,한국타이어앤테크놀로지,화학,2021,1062042415822.0,841528140376.0,5509241836761.0,1869177489179.0,87378111518.0,1896588732234.0,604335535937.0,642192906442.0,7141136827775.0,11703918122819.0,8205135824989.0,3498782297830.0,0.2989411119519422,0.7010588880480578,2.947415036108116,1.9327501670875504,0.5681870351908002,0.0516353181554417,0.0736533250426491,0.0899286656914668,7.349585557359036,0.071901403576575,0.240520292130759,0.0,0.0,False,False,False,False,False,False,False,False,False,False,False,False,5,0,Low
00937324,161390,한국타이어앤테크놀로지,화학,2022,1139442351244.0,504570700349.0,6436304422676.0,2887075507092.0,146434463635.0,2449545168458.0,705774525978.0,705818089039.0,8394203036511.0,12581364159005.0,8875709247979.0,3705654911026.0,0.2945352240181133,0.7054647759818866,2.2293509147458885,1.3808988522900305,0.3946700903544087,0.056096820428876,0.0795175355860947,0.0840839905788565,4.820027140593829,0.0401046098000317,0.1361623552284034,0.0,0.0,False,False,False,False,False,False,False,False,False,False,False,False,5,0,Low
00937324,161390,한국타이어앤테크놀로지,화학,2023,2243874564540.0,1973172494524.0,6768077726453.0,2284371173267.0,198888909020.0,2022627127090.0,728792952155.0,1327945320791.0,8939621475507.0,12763305688360.0,9629553176340.0,3133752512020.0,0.2455282815076621,0.7544717184923379,2.9627749665452194,2.0773553155007995,0.9822723166878858,0.0571006422591328,0.0756829459071536,0.1485460345753271,6.676819372856349,0.1545972918539052,0.629651667435634,0.0,0.0,False,False,False,False,False,False,False,False,False,False,False,False,5,0,Low
00937324,161390,한국타이어앤테크놀로지,화학,2024,1882309979179.0,1886111357762.0,7274793716706.0,3687123538870.0,144167140938.0,2383843763749.0,1131097818215.0,1762260288101.0,9411947926996.0,15849744509888.0,11194852809819.0,4654891700069.0,0.2936887529742202,0.7063112470257797,1.973026843287036,1.3264947326543712,0.510509061965381,0.0713637887039349,0.1010373103988392,0.1872365106320194,12.223730571579216,0.1189994801862789,0.405189095534498,0.0,0.0,False,False,False,False,False,False,False,False,False,False,False,False,5,0,Low
00937324,161390,한국타이어앤테크놀로지,화학,2025,2603079747970.0,1608024241978.0,11552541599022.0,6775034754810.0,539134246632.0,3905329418972.0,971594538868.0,1841075890332.0,21202299462815.0,26647188444916.0,14201979362795.0,12445209082121.0,0.4670364795838494,0.5329635204161506,1.705163444485678,1.1287340149245415,0.3842164420074626,0.0364614278491872,0.0684126144707188,0.0868337839280552,3.414874684428411,0.0603449870631584,0.1292082946431261,0.0,0.0,False,False,False,False,False,False,False,False,False,False,False,False,5,0,Low
01032486,241560,두산밥캣,기계·장비,2019,212443157000.0,485692857000.0,1519631261000.0,1139136389000.0,94882927000.0,808951866000.0,272115865000.0,477014894000.0,4509550099000.0,6704236324000.0,3979066276000.0,2725170048000.0,0.4064847830981681,0.5935152169018318,1.3340204699579656,0.623875597217885,0.1864949263770731,0.0405886445300074,0.0683868641850186,0.1057788212854712,5.027404919749156,0.0724456647301205,0.178224789075621,0.0,0.0,False,False,False,False,False,False,False,False,False,False,False,False,5,0,Low
01032486,241560,두산밥캣,기계·장비,2020,782203263000.0,565341719000.0,1861997778000.0,1011749163000.0,106231490000.0,659789078000.0,247453634000.0,393864007000.0,4282057647000.0,6960607794000.0,4073804491000.0,2886803303000.0,0.4147343721173898,0.5852656278826102,1.840374913164124,1.1882477831118303,0.7731197530034428,0.0355505785304127,0.0607426386186877,0.0919800804820879,3.7076012677596815,0.0812201657859994,0.1958365914340233,0.0,0.0,False,False,False,False,False,False,False,False,False,False,False,False,5,0,Low
01032486,241560,두산밥캣,기계·장비,2021,951759865000.0,460039949000.0,2645941698000.0,1498236518000.0,151076805000.0,1153302889000.0,385888628000.0,595338266000.0,5816199969000.0,8580899465000.0,4321265808000.0,4259633657000.0,0.4964087592884996,0.5035912407115004,1.7660373820897617,0.9962638015208224,0.6352534153088905,0.0449706501718115,0.0892999054317836,0.1023586309227876,3.940633150138434,0.0536120893708664,0.1079998859160108,0.0,0.0,False,False,False,False,False,False,False,False,False,False,False,False,5,0,Low
01032486,241560,두산밥캣,기계·장비,2022,699004946000.0,704002169000.0,3082529616000.0,2053503109000.0,284094905000.0,1651032808000.0,644056037000.0,1071606774000.0,8621911872000.0,9248386178000.0,5024387667000.0,4223998511000.0,0.4567281717807178,0.5432718282192822,1.5011078398128688,0.6970998980844494,0.3403963417130624,0.0696398295447562,0.1281859760205481,0.1242887644769468,3.772002788997571,0.0761216233243672,0.1666672389127648,0.0,0.0,False,False,False,False,False,False,False,False,False,False,False,False,5,0,Low
01032486,241560,두산밥캣,기계·장비,2023,1085800576.0,992643275.0,3013495040.0,1869727804.0,158253190.0,1406960510.0,705892351.0,1064722975.0,7475740778.0,8043860515.0,4618281799.0,3425578716.0,0.4258625208147334,0.5741374791852666,1.6117292760759525,0.8592344439458312,0.580726549435214,0.0877554191403081,0.1528473968723276,0.1424237418896763,6.727971644679011,0.1234038398787426,0.2897738914489449,0.0,0.0,False,False,False,False,False,False,False,False,False,False,False,False,5,0,Low
01032486,241560,두산밥캣,기계·장비,2024,1263123000.0,533144000.0,3052266000.0,1678066000.0,180193000.0,1350329000.0,413029000.0,638867000.0,6269305000.0,8169804000.0,4690139000.0,3479665000.0,0.4259178065960946,0.5740821934039054,1.8189189221401303,1.0142253046066123,0.752725458950959,0.0505555580035947,0.0880632748837507,0.1019039590512824,3.5454595905501325,0.06525786909943,0.1532170481928576,0.0,0.0,False,False,False,False,False,False,False,False,False,False,False,False,5,0,Low
01032486,241560,두산밥캣,기계·장비,2025,1389744000.0,822394000.0,3124902000.0,1893544000.0,183273000.0,1172615000.0,282899000.0,482437000.0,6181806000.0,8558454000.0,5011583000.0,3546871000.0,0.4144289377497384,0.5855710622502616,1.6502927843239978,1.0310227805638528,0.7339380547798203,0.033054918563563,0.0564490301766926,0.0780414331992948,2.6323408248896456,0.0960914202494983,0.2318646491513223,0.0,0.0,False,False,False,False,False,False,False,False,False,False,False,False,5,0,Low
01042775,204320,HL만도,운송장비·부품,2019,205313705931.0,272509290984.0,2109809125607.0,1756845257556.0,43791988241.0,336797164364.0,118239649304.0,218566072916.0,5981877182405.0,4595620752355.0,1585614508699.0,3010006243656.0,0.6549727242208877,0.3450272757791123,1.200907772914513,1.0092021215969185,0.1168649914088723,0.025728765639203,0.0745702367475281,0.0365380408609669,4.99100592814301,0.0592976021453367,0.0905344603714197,0.0,0.0,False,False,False,False,False,False,False,False,False,False,False,False,5,0,Low
01042775,204320,HL만도,운송장비·부품,2020,561431986751.0,430018641488.0,2407039792862.0,2031614332906.0,67500283865.0,322573148162.0,13861437600.0,88701330636.0,5563504491650.0,4938346284697.0,1709581038753.0,3228765245944.0,0.6538150748863708,0.3461849251136292,1.1847916968664989,1.026014933512701,0.2763477189826346,0.0028068986662506,0.0081080903951244,0.0159434275229089,1.3140882609234936,0.0870774580592994,0.1331836193505219,0.0,0.0,False,False,False,False,False,False,False,False,False,False,False,False,5,0,Low
01042775,204320,HL만도,운송장비·부품,2021,852255588536.0,412687944955.0,2944289899743.0,2129591136669.0,58689261755.0,544104985234.0,178615842352.0,232312044666.0,6147433112950.0,5704365860108.0,2044255959667.0,3660109900441.0,0.6416330912498139,0.358366908750186,1.3825611165663994,1.1270637227872995,0.40019681424344,0.0313121294693076,0.0873745000019937,0.0377900890335217,3.958339868642296,0.0723459811442014,0.1127528834326193,0.0,0.0,False,False,False,False,False,False,False,False,False,False,False,False,5,0,Low
01042775,204320,HL만도,운송장비·부품,2022,492059312583.0,-13328882668.0,2980301901430.0,2150797625451.0,88021201381.0,665213255755.0,118287647376.0,248102024875.0,7516163841233.0,5845841407280.0,2273746112263.0,3572095295017.0,0.6110489570532248,0.3889510429467752,1.385672862087646,1.0763860896440918,0.2287799218114815,0.0202344947689981,0.052023243377103,0.0330091294064047,2.8186621062020016,-0.0022800623108593,-0.0037313905613306,0.0,0.0,False,False,False,False,False,False,True,False,False,False,False,True,5,1,Watch
01042775,204320,HL만도,운송장비·부품,2023,614874983929.0,429387081698.0,3265021481509.0,2635680688370.0,123098442302.0,733896015997.0,154600073679.0,279276996280.0,8393086800929.0,6286700392151.0,2356155155918.0,3930545236233.0,0.6252159306240075,0.3747840693759925,1.2387773283448107,0.9603308461000788,0.2332888754856192,0.0245916083215957,0.0656154045249049,0.0332746464922878,2.268728921807506,0.0683008661004576,0.1092436432838312,0.0,0.0,False,False,False,False,False,False,False,False,False,False,False,False,5,0,Low
01042775,204320,HL만도,운송장비·부품,2024,535530177504.0,434658342629.0,3676853130994.0,2900489614702.0,137895188627.0,838420670607.0,158249191839.0,358760766831.0,8848181871751.0,7052043027166.0,2672754766186.0,4379288260980.0,0.6209956808417123,0.3790043191582877,1.2676663665185246,0.97860459351399,0.1846344061325043,0.0224401909105474,0.059208272244453,0.0405462695083598,2.601691693547271,0.0616358041144391,0.099253192922206,0.0,0.0,False,False,False,False,False,False,False,False,False,False,False,False,5,0,Low
01042775,204320,HL만도,운송장비·부품,2025,799652317531.0,720937744650.0,3719285767695.0,3047109653929.0,145287695856.0,804499429134.0,122802266761.0,357120974882.0,9454812581023.0,7136602919112.0,2875816804068.0,4260786115044.0,0.5970328128574324,0.4029671871425677,1.2205946585805614,0.9565741537402896,0.2624297804642223,0.0172073839826694,0.0427017001177854,0.0377713436222719,2.4580262821151475,0.1010197362556505,0.1692029886467453,0.0,0.0,False,False,False,False,False,False,False,False,False,False,False,False,5,0,Low
01190568,278470,에이피알,화학,2019,17454914496.0,22630045629.0,47475785739.0,48864802988.0,4651334073.0,16099123190.0,-68802895.0,7152417688.0,158999740099.0,60525209508.0,9396752965.0,51128456543.0,0.8447464611624687,0.1552535388375313,0.9715742791526016,0.6421117170308728,0.3572083264161834,-0.0011367642600378,-0.0073219861431144,0.0449838325744847,1.537713175563599,0.3738945443222108,0.4426115544866429,0.0,0.0,True,False,True,True,False,False,False,True,True,True,False,False,5,3,High
01190568,278470,에이피알,화학,2020,29618192919.0,12777511272.0,62817954586.0,29046487205.0,7157864163.0,18560580552.0,7891717267.0,14469696877.0,219939337665.0,91828661321.0,51699915148.0,40128746173.0,0.4369958746618806,0.5630041253381194,2.1626695903932456,1.52367388598996,1.019682439049001,0.0859395874171942,0.1526446850910409,0.065789490095853,2.021510404150429,0.1391451327743351,0.3184129206757312,0.0,0.0,False,False,False,False,False,False,False,False,False,False,False,False,5,0,Low
01190568,278470,에이피알,화학,2021,33798982850.0,4585024805.0,90318935738.0,50064266575.0,2256960051.0,37831063627.0,11398827028.0,14273152154.0,259146144182.0,126428830150.0,66001080624.0,60427749526.0,0.4779586226836569,0.522041377316343,1.804059899742973,1.0484098879660857,0.6751119143904087,0.0901600292787333,0.17270667268219,0.0550776172998965,6.324060608727185,0.0362656587074336,0.0758761469848752,0.0,0.0,False,False,False,False,False,False,False,False,False,False,False,False,5,0,Low
01190568,278470,에이피알,화학,2022,57253261626.0,31630786168.0,137024020095.0,76266539344.0,5455522583.0,50460161074.0,29954676293.0,39228479397.0,397698119336.0,184122622814.0,100257994716.0,83864628098.0,0.4554824758428503,0.5445175241571497,1.796646619521486,1.1350175288609068,0.7506996137291524,0.1626887333842735,0.2987759368003755,0.0986388355632563,7.190599763850341,0.1717919595353217,0.3771648057753007,0.0,0.0,False,False,False,False,False,False,False,False,False,False,False,False,5,0,Low
01190568,278470,에이피알,화학,2023,125334572532.0,107840961394.0,219307995672.0,82296421377.0,6601270655.0,56520972365.0,81546050952.0,104193724865.0,523809364559.0,287309488243.0,196948868778.0,90360619465.0,0.3145062142485701,0.6854937857514298,2.66485458301218,1.9780571327794736,1.522965038271132,0.283826515617995,0.4140468105146539,0.198915353399078,15.783889240487444,0.3753477201657555,1.1934508863761253,0.0,0.0,False,False,False,False,False,False,False,False,False,False,False,False,5,0,Low
01190568,278470,에이피알,화학,2024,90366354391.0,79124161730.0,286027445388.0,145136758580.0,17237605550.0,109745676962.0,107590435967.0,122705544449.0,722753862301.0,565143563187.0,323524073990.0,241619489197.0,0.4275364791106197,0.5724635208893804,1.9707443392456672,1.2145907773517812,0.6226289967829871,0.1903771766597994,0.3325577433545967,0.1697750103449433,7.118479657344288,0.1400071891181014,0.3274742529791857,0.0,0.0,False,False,False,False,False,False,False,False,False,False,False,False,5,0,Low
01190568,278470,에이피알,화학,2025,154350192148.0,341046397295.0,545836014029.0,238368989084.0,31023432875.0,165457160456.0,289654813287.0,365520628934.0,1527344973381.0,771737546894.0,445799810314.0,325937736580.0,0.4223427224602412,0.5776572775397588,2.289878461651109,1.595756457392855,0.6475263109565305,0.3753281338361327,0.6497418944233759,0.2393176625480142,11.78208196387422,0.4419201821494938,1.0463544383462071,0.0,0.0,False,False,False,False,False,False,False,False,False,False,False,False,5,0,Low
01205851,267260,HD현대일렉트릭,전기·전자,2019,189724611893.0,57542834842.0,1484220244388.0,1123767373332.0,56531426801.0,390771146147.0,-264300822542.0,-156694465555.0,1771133588482.0,2256474848477.0,700215931506.0,1556258916971.0,0.689685913415517,0.310314086584483,1.3207539919825646,0.9730208619590854,0.168829080106198,-0.1171299661152389,-0.3774561683758766,-0.0884712856071457,-2.7718116173962937,0.0255012081702742,0.036975103701894,0.0,0.0,False,False,False,True,True,True,False,False,False,True,True,False,5,2,Moderate
01205851,267260,HD현대일렉트릭,전기·전자,2020,524256768315.0,204526388307.0,1474374926184.0,1275328870603.0,97090188734.0,358593899339.0,-40246346429.0,72699092216.0,1811344734384.0,2272620339599.0,679173539071.0,1593446800528.0,0.7011495817243107,0.2988504182756892,1.1560742959475914,0.8748967051278603,0.411075747126403,-0.0177092256580355,-0.0592578245672682,0.0401354258170648,0.7487789771958855,0.0899958452114744,0.1283547014178501,0.0,0.0,False,False,False,True,False,True,False,False,False,True,True,False,5,2,Moderate
01205851,267260,HD현대일렉트릭,전기·전자,2021,354808620188.0,109777416049.0,1398337921716.0,1252495843373.0,52126190509.0,357079097027.0,-33686739374.0,9736360055.0,1805991746883.0,2214970249748.0,646222114613.0,1568748135135.0,0.7082479483927508,0.2917520516072491,1.1164411675413182,0.8313471299711991,0.2832812755948892,-0.0152086644855986,-0.0521287319208718,0.0053911431609829,0.1867844160474174,0.0495615758547951,0.0699777189150589,0.0,0.0,False,False,False,True,False,True,False,False,False,True,True,False,5,2,Moderate
01205851,267260,HD현대일렉트릭,전기·전자,2022,172685883612.0,-124138810949.0,1548305844287.0,1411144505503.0,141254614230.0,627806183081.0,162017992899.0,133040987326.0,2104499487335.0,2435030170738.0,831168874627.0,1603861296111.0,0.6586617756875298,0.3413382243124702,1.0971986485077296,0.652307157499713,0.1223729270380048,0.0665363389932438,0.1949278875146859,0.0632174006820378,0.941852328514904,-0.0509803995206254,-0.0773999667240605,0.0,0.0,False,False,False,False,False,True,True,False,False,False,True,True,5,2,Moderate
01205851,267260,HD현대일렉트릭,전기·전자,2023,176097890089.0,-22438778035.0,1972953333108.0,1497428721709.0,110203731062.0,849724918573.0,259455508262.0,315218290721.0,2702799337370.0,2910160077690.0,1057030326170.0,1853129751520.0,0.6367793186795966,0.3632206813204034,1.31756076566789,0.7501047617499088,0.11760018192253,0.0891550640980369,0.2454570146554833,0.1166265976029607,2.8603232184912137,-0.0077104961362851,-0.0121085844186544,0.0,0.0,False,False,False,False,False,False,True,False,False,False,False,True,5,1,Watch
01205851,267260,HD현대일렉트릭,전기·전자,2024,569771637520.0,1033722426199.0,2763740978393.0,2001078594202.0,153021524690.0,1081391018449.0,498409535389.0,668970713547.0,3322349007529.0,3795545096460.0,1507517124598.0,2288027971862.0,0.6028193352243345,0.3971806647756654,1.3811256521361863,0.8407215812604781,0.2847322634757463,0.1313143495130259,0.3306161683051579,0.2013547378770262,4.371742569564904,0.2723515068133756,0.4517962362836654,0.0,0.0,False,False,False,False,False,False,False,False,False,False,False,False,5,0,Low
01205851,267260,HD현대일렉트릭,전기·전자,2025,950781542257.0,959572657325.0,3426275170373.0,2548719075384.0,155660053309.0,1266517678791.0,731816191305.0,995313437790.0,4079497658529.0,4769815393358.0,2032934924019.0,2736880469339.0,0.5737916970854101,0.4262083029145898,1.3443126013630138,0.8473893856884178,0.3730428949348808,0.1534265230314906,0.3599801364316374,0.2439794114623646,6.394148123630719,0.2011760578116317,0.3506081716300719,0.0,0.0,False,False,False,False,False,False,False,False,False,False,False,False,5,0,Low
01238169,271560,오리온,음식료·담배,2019,164965286576.0,347826332867.0,596321880878.0,464461397281.0,,147604539678.0,220467907564.0,327588745357.0,2023296057252.0,2452307263966.0,1667543278468.0,784763985498.0,0.3200104640349344,0.6799895359650656,1.2838997694295446,0.9661025519598244,0.35517545169894,0.0899022364789018,0.1322112057964382,0.1619084583211833,,0.1418363587540319,0.4432241276289895,0.0,0.0,False,False,False,False,False,,False,False,False,False,,False,4,,Insufficient data
01238169,271560,오리온,음식료·담배,2020,367425437800.0,460996136975.0,797543593581.0,345503462030.0,,179741703695.0,274562274378.0,376122012796.0,2229819933633.0,2665406433687.0,1897508265928.0,767898167759.0,0.2880979643681518,0.7119020356318482,2.308351959471102,1.7881206927887638,1.063449366443965,0.1030095338961885,0.1446962204634834,0.1686782000298975,,0.1729552878497835,0.6003349875418387,0.0,0.0,False,False,False,False,False,,False,False,False,False,,False,4,,Insufficient data
01238169,271560,오리온,음식료·담배,2021,550409184001.0,404732644670.0,1146230732064.0,521911013697.0,,208475554647.0,263661820679.0,372909907402.0,2355499705531.0,3120428660902.0,2292550472319.0,827878188583.0,0.265309122094684,0.734690877905316,2.1962187077536064,1.7967721561848893,1.054603504344794,0.084495384875354,0.1150080767523064,0.1583145633711446,,0.1297041812688026,0.4888794634905676,0.0,0.0,False,False,False,False,False,,False,False,False,False,,False,4,,Insufficient data
01238169,271560,오리온,음식료·담배,2022,609723063482.0,546192637197.0,1470432835841.0,556179578260.0,,234883241611.0,398308074971.0,466654503027.0,2873246771346.0,3371683914220.0,2639228832700.0,732455081520.0,0.217237172924451,0.782762827075549,2.643809469670261,2.2214939967688125,1.096270138845281,0.1181332785351393,0.1509183554059313,0.1624136526248983,,0.1619940217092845,0.7457012054084384,0.0,0.0,False,False,False,False,False,,False,False,False,False,,False,4,,Insufficient data
01238169,271560,오리온,음식료·담배,2023,365849669841.0,436961973545.0,1628205234773.0,398919908913.0,,259736427553.0,384981955249.0,492391149504.0,2912358051475.0,3521385127842.0,2955476949348.0,565908178494.0,0.1607061306698946,0.8392938693301054,4.081534158597468,3.430434973648928,0.9171005549406854,0.1093268532899516,0.1302605169476723,0.1690695789463875,,0.1240880953605838,0.7721428849249841,0.0,0.0,False,False,False,False,False,,False,False,False,False,,False,4,,Insufficient data
01238169,271560,오리온,음식료·담배,2024,451277283648.0,651588436551.0,1647381241517.0,537615043736.0,,316592199403.0,533229552422.0,543587778241.0,3104338576129.0,4308449797008.0,3574045867619.0,734403929389.0,0.1704566523901488,0.8295433476098512,3.064239478994117,2.4753567773440026,0.8394059818564213,0.1237636684991202,0.1491949382219969,0.1751058284753316,,0.1512350073113292,0.8872344093979729,0.0,0.0,False,False,False,False,False,,False,False,False,False,,False,4,,Insufficient data
01238169,271560,오리온,음식료·담배,2025,311390944459.0,537328134910.0,1867027464490.0,498190838043.0,,321414683283.0,390597563174.0,558258027192.0,3332442536373.0,4598663246300.0,3912207101349.0,686456144951.0,0.149272975250647,0.850727024749353,3.747615014005642,3.1024512359129224,0.6250434987568421,0.0849371963664153,0.0998407172870053,0.1675221766313195,,0.1168444189389871,0.7827566828006982,0.0,0.0,False,False,False,False,False,,False,False,False,False,,False,4,,Insufficient data
01316245,298040,효성중공업,전기·전자,2019,38215576367.0,75200087039.0,1579013789246.0,2116804025677.0,143749672875.0,306018124340.0,16022962032.0,130252420646.0,3781445371058.0,4000830147806.0,990497465429.0,3010332682377.0,0.7524270141854997,0.2475729858145003,0.7459423593740554,0.6013762490360288,0.0180534314482786,0.0040049093413242,0.0161766815072668,0.0344451414379568,0.906105857780026,0.0187961208701245,0.0249806566162052,0.0,0.0,True,False,True,False,False,True,False,True,True,False,True,False,5,3,High
01316245,298040,효성중공업,전기·전자,2020,52293891327.0,386562290399.0,1238407924057.0,1740041065687.0,169167071278.0,318970651417.0,-19258017305.0,44074735485.0,2983970863029.0,3703454378084.0,968250491645.0,2735203886439.0,0.7385547673072919,0.2614452326927081,0.7117118948960287,0.5283997549086518,0.0300532512468913,-0.0052000147265114,-0.0198894991236015,0.0147704979398693,0.2605396851292056,0.1043788449741859,0.1413285102129153,0.0,0.0,True,False,False,True,False,True,False,True,False,True,True,False,5,3,High
01316245,298040,효성중공업,전기·전자,2021,81009178762.0,110584865944.0,1561557951889.0,1944010947810.0,122401362541.0,413134533484.0,76516679128.0,120066031213.0,3094698644786.0,4022701434672.0,1037142743122.0,2985558691550.0,0.7421775491010145,0.2578224508989854,0.803266027718698,0.5907494603869085,0.0416711535772264,0.0190212175501011,0.0737764204931618,0.0387973256831611,0.9809207080744894,0.0274901997426057,0.0370399236353943,0.0,0.0,True,False,False,False,False,True,False,True,False,False,True,False,5,2,Moderate
01316245,298040,효성중공업,전기·전자,2022,212739996074.0,-67110735046.0,2221499626151.0,2504911410809.0,469564522725.0,628720732435.0,29129546895.0,143248629974.0,3510143917637.0,4693470608273.0,1103211064622.0,3590259543651.0,0.764947699325652,0.2350523006743479,0.8868575617345015,0.635862364969461,0.0849291496521596,0.0062063980636534,0.026404328082932,0.0408099021963845,0.3050669781070607,-0.0142987440738856,-0.0186924466685642,0.0,0.0,True,False,True,False,False,True,True,True,True,False,True,True,5,4,High
01316245,298040,효성중공업,전기·전자,2023,277804610275.0,454662926622.0,2351430099777.0,2811484808084.0,296767969361.0,725845310041.0,131922316419.0,257836947601.0,4300571503251.0,4761300218430.0,1224159409651.0,3537140808779.0,0.7428938832900025,0.2571061167099974,0.8363659277175597,0.578194406408271,0.0988106389464438,0.0277072039919592,0.1077656352423988,0.0599541124722816,0.8688166319167592,0.0954913376102802,0.1285396740479062,0.0,0.0,True,False,False,False,False,True,False,True,False,False,True,False,5,2,Moderate
01316245,298040,효성중공업,전기·전자,2024,249076858015.0,412091967128.0,3036422654447.0,3092775159627.0,566861757914.0,885404450614.0,222929444192.0,362479487133.0,4894979612220.0,6218812921202.0,2055618494514.0,4163194426688.0,0.669451626771773,0.3305483732282271,0.981779307491982,0.6954977626283123,0.0805350680729858,0.0358475881195846,0.1084488414493984,0.0740512761744897,0.6394495343395393,0.0662653744934248,0.0989845596656019,0.0,0.0,True,False,False,False,False,True,False,True,False,False,True,False,5,2,Moderate
01316245,298040,효성중공업,전기·전자,2025,216772513676.0,493009624019.0,3738227618774.0,3561457465146.0,552849922617.0,1277633122307.0,502837667965.0,746968417289.0,5968511616609.0,7227883006296.0,2489720957283.0,4738162049013.0,0.6555393944375862,0.3444606055624137,1.0496342172714264,0.690895376555095,0.0608662368699982,0.0695691487434139,0.2019654718710888,0.1251515394910781,1.3511233098362578,0.0682094084242306,0.1040508152568775,0.0,0.0,False,False,False,False,False,False,False,False,False,False,False,False,5,0,Low
